product_id,product_name,start_date,usd_price
1,Transponder AIS Mar脙漏 Magnum,2016-08-10,10583.63
1,Transponder AIS Mar脙漏 Magnum,2018-06-15,8778.36
1,Transponder AIS Mar脙漏 Magnum,2018-09-25,8023.87
1,Transponder AIS Mar脙漏 Magnum,2019-03-19,8772.78
1,Transponder AIS Mar脙漏 Magnum,2020-01-17,7918.18
1,Transponder AIS Mar脙漏 Magnum,2020-06-17,6310.01
1,Transponder AIS Mar脙漏 Magnum,2021-07-02,6586.7
1,Transponder AIS Mar脙漏 Magnum,2022-05-16,6538.2
1,Transponder AIS Mar脙漏 Magnum,2023-02-28,6360.91
1,Transponder AIS Mar脙漏 Magnum,2023-10-17,6574.8
1,Transponder AIS Mar脙漏 Magnum,2024-02-16,6657.12
1,Transponder AIS Mar脙漏 Magnum,2024-02-22,6703.2
1,Transponder AIS Mar脙漏 Magnum,2024-03-15,6633.66
1,Transponder AIS Mar脙漏 Magnum,2024-08-02,5774.5
1,Transponder AIS Mar脙漏 Magnum,2025-04-08,5579.75
2,Transponder Furuno Marlin,2017-11-23,4325.09
2,Transponder Furuno Marlin,2022-07-06,2577.22
2,Transponder Furuno Marlin,2023-05-24,2829.74
2,Transponder Furuno Marlin,2025-11-05,2602.27
3,Radar Furuno Pulse Leviathan,2016-04-12,2549.21
3,Radar Furuno Pulse Leviathan,2018-07-26,2423.45
3,Radar Furuno Pulse Leviathan,2019-06-27,2335.69
3,Radar Furuno Pulse Leviathan,2019-07-17,2399.28
3,Radar Furuno Pulse Leviathan,2019-10-14,2187.31
3,Radar Furuno Pulse Leviathan,2020-12-04,1745.49
3,Radar Furuno Pulse Leviathan,2022-06-21,1753.77
4,R脙隆dio AIS Hydro Tidal Zen,2016-03-04,909.55
4,R脙隆dio AIS Hydro Tidal Zen,2016-11-22,1010.42
4,R脙隆dio AIS Hydro Tidal Zen,2017-04-19,1080.89
4,R脙隆dio AIS Hydro Tidal Zen,2018-11-22,887.7
4,R脙隆dio AIS Hydro Tidal Zen,2022-09-21,654.31
4,R脙隆dio AIS Hydro Tidal Zen,2023-11-28,692.14
4,R脙隆dio AIS Hydro Tidal Zen,2024-03-13,679.13
4,R脙隆dio AIS Hydro Tidal Zen,2025-03-10,583.85
5,Piloto Autom脙隆tico Furuno Storm,2016-02-10,6006.45
5,Piloto Autom脙隆tico Furuno Storm,2017-01-17,7374.9
5,Piloto Autom脙隆tico Furuno Storm,2021-02-18,4364.4
5,Piloto Autom脙隆tico Furuno Storm,2022-05-03,4718.61
5,Piloto Autom脙隆tico Furuno Storm,2022-05-24,4920.79
5,Piloto Autom脙隆tico Furuno Storm,2023-08-15,4752.24
5,Piloto Autom脙隆tico Furuno Storm,2024-09-24,4327.37
5,Piloto Autom脙隆tico Furuno Storm,2025-07-24,4285.3
6,Transponder AIS Vector,2020-07-23,2288.92
6,Transponder AIS Vector,2021-12-01,2104.66
6,Transponder AIS Vector,2024-03-07,2394.79
6,Transponder AIS Vector,2024-06-21,2172.43
6,Transponder AIS Vector,2024-12-04,1951.33
6,Transponder AIS Vector,2025-03-19,2086.5
7,Radar AIS Zen,2016-10-26,6253.41
7,Radar AIS Zen,2017-06-21,5871.9
7,Radar AIS Zen,2018-05-08,5454.91
7,Radar AIS Zen,2022-12-12,3678.62
7,Radar AIS Zen,2025-08-18,3604.64
8,GPS AIS Zen,2019-12-06,1193.04
8,GPS AIS Zen,2020-06-19,932.31
8,GPS AIS Zen,2021-02-18,919.04
8,GPS AIS Zen,2021-08-06,951.1
8,GPS AIS Zen,2023-03-23,947.09
8,GPS AIS Zen,2023-05-10,1006.07
8,GPS AIS Zen,2024-04-16,947.05
8,GPS AIS Zen,2025-06-03,879.22
9,Transponder AIS Titan Pulse,2018-12-26,10115.54
9,Transponder AIS Titan Pulse,2020-05-21,7088.62
9,Transponder AIS Titan Pulse,2020-12-10,7808.97
9,Transponder AIS Titan Pulse,2022-05-05,7933.96
9,Transponder AIS Titan Pulse,2024-04-16,7544.56
9,Transponder AIS Titan Pulse,2024-08-21,7258.64
10,Piloto Autom脙隆tico Simrad Titan Flux Magnum,2018-05-29,8591.86
10,Piloto Autom脙隆tico Simrad Titan Flux Magnum,2021-11-16,5849.07
10,Piloto Autom脙隆tico Simrad Titan Flux Magnum,2021-12-20,5615.0
10,Piloto Autom脙隆tico Simrad Titan Flux Magnum,2023-05-23,6449.43
10,Piloto Autom脙隆tico Simrad Titan Flux Magnum,2023-06-29,6594.15
10,Piloto Autom脙隆tico Simrad Titan Flux Magnum,2023-09-05,6445.41
10,Piloto Autom脙隆tico Simrad Titan Flux Magnum,2023-11-13,6505.49
10,Piloto Autom脙隆tico Simrad Titan Flux Magnum,2023-11-24,6547.91
10,Piloto Autom脙隆tico Simrad Titan Flux Magnum,2024-10-07,5864.71
10,Piloto Autom脙隆tico Simrad Titan Flux Magnum,2025-03-21,5596.76
10,Piloto Autom脙隆tico Simrad Titan Flux Magnum,2025-10-01,6021.02
11,GPS Furuno Swift Leviathan Poseidon,2016-02-18,9039.0
11,GPS Furuno Swift Leviathan Poseidon,2016-10-07,11277.36
11,GPS Furuno Swift Leviathan Poseidon,2016-10-14,11372.94
11,GPS Furuno Swift Leviathan Poseidon,2018-04-23,10527.94
11,GPS Furuno Swift Leviathan Poseidon,2019-10-15,8734.37
11,GPS Furuno Swift Leviathan Poseidon,2020-01-13,8772.22
11,GPS Furuno Swift Leviathan Poseidon,2020-11-27,6773.84
11,GPS Furuno Swift Leviathan Poseidon,2021-05-14,6875.78
11,GPS Furuno Swift Leviathan Poseidon,2022-01-27,6733.8
11,GPS Furuno Swift Leviathan Poseidon,2023-03-15,6839.44
11,GPS Furuno Swift Leviathan Poseidon,2023-05-09,7246.24
11,GPS Furuno Swift Leviathan Poseidon,2025-05-20,6399.81
12,GPS AIS Drift Flux Vox,2016-02-03,689.26
12,GPS AIS Drift Flux Vox,2016-03-21,752.61
12,GPS AIS Drift Flux Vox,2017-09-22,871.57
12,GPS AIS Drift Flux Vox,2018-09-18,659.09
12,GPS AIS Drift Flux Vox,2018-10-09,729.22
12,GPS AIS Drift Flux Vox,2019-01-02,706.47
12,GPS AIS Drift Flux Vox,2020-02-07,632.96
12,GPS AIS Drift Flux Vox,2022-06-20,527.97
12,GPS AIS Drift Flux Vox,2024-07-31,481.53
12,GPS AIS Drift Flux Vox,2025-05-20,481.54
12,GPS AIS Drift Flux Vox,2025-06-20,496.11
12,GPS AIS Drift Flux Vox,2025-07-10,491.85
13,Radar Simrad Boost,2017-03-22,2504.48
13,Radar Simrad Boost,2018-01-08,2394.7
13,Radar Simrad Boost,2019-02-19,2082.55
13,Radar Simrad Boost,2019-12-12,1885.58
13,Radar Simrad Boost,2021-10-22,1356.5
14,R脙隆dio Furuno Zen Swift,2016-11-10,10819.71
14,R脙隆dio Furuno Zen Swift,2017-05-05,11276.24
14,R脙隆dio Furuno Zen Swift,2020-01-10,8790.37
14,R脙隆dio Furuno Zen Swift,2021-08-12,6841.36
14,R脙隆dio Furuno Zen Swift,2023-02-17,6885.95
14,R脙隆dio Furuno Zen Swift,2023-03-24,6767.66
14,R脙隆dio Furuno Zen Swift,2024-05-03,7068.63
14,R脙隆dio Furuno Zen Swift,2024-05-31,6832.87
14,R脙隆dio Furuno Zen Swift,2025-02-24,6254.99
14,R脙隆dio Furuno Zen Swift,2025-09-02,6549.93
15,Radar Garmin Tidal Thrust,2017-06-23,8369.26
15,Radar Garmin Tidal Thrust,2019-05-17,6831.81
15,Radar Garmin Tidal Thrust,2019-08-21,6931.96
15,Radar Garmin Tidal Thrust,2020-01-17,6669.64
15,Radar Garmin Tidal Thrust,2020-11-26,5244.81
15,Radar Garmin Tidal Thrust,2022-12-06,5325.4
15,Radar Garmin Tidal Thrust,2023-01-09,5267.98
15,Radar Garmin Tidal Thrust,2024-09-25,5097.71
15,Radar Garmin Tidal Thrust,2025-01-27,4707.55
16,Sonda Garmin Axis,2016-04-13,8470.76
16,Sonda Garmin Axis,2016-12-19,8884.87
16,Sonda Garmin Axis,2018-02-19,9278.0
16,Sonda Garmin Axis,2018-09-06,7238.38
16,Sonda Garmin Axis,2018-10-31,8072.42
16,Sonda Garmin Axis,2020-05-20,5267.72
16,Sonda Garmin Axis,2020-07-27,5783.4
16,Sonda Garmin Axis,2023-01-02,5615.94
16,Sonda Garmin Axis,2023-12-27,6212.42
16,Sonda Garmin Axis,2024-06-19,5491.48
16,Sonda Garmin Axis,2025-01-10,4922.32
16,Sonda Garmin Axis,2025-08-15,5564.7
17,R脙隆dio AIS Oceanic Pulse,2016-06-23,4187.31
17,R脙隆dio AIS Oceanic Pulse,2016-11-09,4352.84
17,R脙隆dio AIS Oceanic Pulse,2017-08-24,4471.23
17,R脙隆dio AIS Oceanic Pulse,2018-02-22,4307.43
17,R脙隆dio AIS Oceanic Pulse,2018-08-06,3773.05
17,R脙隆dio AIS Oceanic Pulse,2019-07-10,3724.7
17,R脙隆dio AIS Oceanic Pulse,2019-08-28,3378.52
17,R脙隆dio AIS Oceanic Pulse,2020-09-22,2584.32
17,R脙隆dio AIS Oceanic Pulse,2020-12-30,2701.79
17,R脙隆dio AIS Oceanic Pulse,2021-07-15,2753.03
17,R脙隆dio AIS Oceanic Pulse,2022-12-26,2706.74
17,R脙隆dio AIS Oceanic Pulse,2023-06-02,2833.14
18,R脙隆dio Simrad Axis,2016-02-15,6663.27
18,R脙隆dio Simrad Axis,2016-04-12,7506.34
18,R脙隆dio Simrad Axis,2016-04-27,7529.95
18,R脙隆dio Simrad Axis,2017-04-04,8509.99
18,R脙隆dio Simrad Axis,2018-01-02,8128.37
18,R脙隆dio Simrad Axis,2018-03-14,8156.56
18,R脙隆dio Simrad Axis,2019-03-25,6854.93
18,R脙隆dio Simrad Axis,2019-07-01,6958.51
18,R脙隆dio Simrad Axis,2019-10-02,6396.83
18,R脙隆dio Simrad Axis,2021-09-24,4973.41
18,R脙隆dio Simrad Axis,2022-01-25,4834.43
18,R脙隆dio Simrad Axis,2023-07-19,5536.62
18,R脙隆dio Simrad Axis,2024-04-02,5265.1
18,R脙隆dio Simrad Axis,2025-02-05,4582.17
18,R脙隆dio Simrad Axis,2025-12-04,5018.78
19,Sonda Lowrance Tidal Storm Vox,2016-03-17,4509.55
19,Sonda Lowrance Tidal Storm Vox,2016-04-25,4633.27
19,Sonda Lowrance Tidal Storm Vox,2016-05-25,4590.3
19,Sonda Lowrance Tidal Storm Vox,2016-11-11,4780.88
19,Sonda Lowrance Tidal Storm Vox,2017-09-04,5236.07
19,Sonda Lowrance Tidal Storm Vox,2017-09-28,5156.86
19,Sonda Lowrance Tidal Storm Vox,2021-05-25,3092.45
19,Sonda Lowrance Tidal Storm Vox,2021-08-30,3163.35
19,Sonda Lowrance Tidal Storm Vox,2023-08-28,3358.13
19,Sonda Lowrance Tidal Storm Vox,2025-02-12,2847.65
20,Radar AIS Marlin,2016-07-04,9494.81
20,Radar AIS Marlin,2020-01-23,7401.92
20,Radar AIS Marlin,2021-10-04,5689.04
21,GPS AIS Nautic Thrust,2016-02-19,2157.43
21,GPS AIS Nautic Thrust,2017-09-04,2783.21
21,GPS AIS Nautic Thrust,2018-04-25,2493.17
21,GPS AIS Nautic Thrust,2019-02-26,2323.7
21,GPS AIS Nautic Thrust,2019-06-10,2252.1
21,GPS AIS Nautic Thrust,2019-10-29,2186.92
21,GPS AIS Nautic Thrust,2019-11-01,2195.72
21,GPS AIS Nautic Thrust,2020-04-23,1603.82
21,GPS AIS Nautic Thrust,2021-10-18,1582.72
21,GPS AIS Nautic Thrust,2022-12-30,1674.22
21,GPS AIS Nautic Thrust,2024-04-30,1689.08
21,GPS AIS Nautic Thrust,2024-08-09,1584.96
21,GPS AIS Nautic Thrust,2025-08-26,1611.19
21,GPS AIS Nautic Thrust,2025-11-13,1653.83
22,Transponder Furuno Force Ion,2019-02-20,10635.91
22,Transponder Furuno Force Ion,2020-05-06,6961.86
22,Transponder Furuno Force Ion,2021-02-04,7319.1
22,Transponder Furuno Force Ion,2022-08-22,7630.67
22,Transponder Furuno Force Ion,2025-03-17,6912.34
22,Transponder Furuno Force Ion,2025-04-16,6709.44
22,Transponder Furuno Force Ion,2025-07-23,7104.66
23,Piloto Autom脙隆tico Furuno Torque Peak,2016-09-16,3387.67
23,Piloto Autom脙隆tico Furuno Torque Peak,2016-10-25,3584.39
23,Piloto Autom脙隆tico Furuno Torque Peak,2018-08-15,2856.94
23,Piloto Autom脙隆tico Furuno Torque Peak,2018-12-28,2885.4
23,Piloto Autom脙隆tico Furuno Torque Peak,2019-01-09,3027.39
23,Piloto Autom脙隆tico Furuno Torque Peak,2022-01-14,2019.88
23,Piloto Autom脙隆tico Furuno Torque Peak,2022-10-13,2108.74
23,Piloto Autom脙隆tico Furuno Torque Peak,2024-03-21,2244.66
24,GPS AIS Orca Marlin Velocity,2018-05-30,6217.8
24,GPS AIS Orca Marlin Velocity,2018-08-14,5986.75
24,GPS AIS Orca Marlin Velocity,2019-02-25,6231.98
24,GPS AIS Orca Marlin Velocity,2019-05-14,5839.87
24,GPS AIS Orca Marlin Velocity,2019-12-16,5694.86
24,GPS AIS Orca Marlin Velocity,2021-04-06,4129.65
24,GPS AIS Orca Marlin Velocity,2024-07-29,4113.86
24,GPS AIS Orca Marlin Velocity,2024-12-30,3752.15
24,GPS AIS Orca Marlin Velocity,2025-05-16,4081.62
24,GPS AIS Orca Marlin Velocity,2025-09-23,4378.72
25,R脙隆dio Lowrance Nitro Thrust Barracuda,2018-10-01,3011.51
25,R脙隆dio Lowrance Nitro Thrust Barracuda,2020-07-22,2372.85
25,R脙隆dio Lowrance Nitro Thrust Barracuda,2022-03-04,2389.36
25,R脙隆dio Lowrance Nitro Thrust Barracuda,2023-11-29,2478.48
25,R脙隆dio Lowrance Nitro Thrust Barracuda,2024-03-22,2430.59
25,R脙隆dio Lowrance Nitro Thrust Barracuda,2024-10-18,2139.99
25,R脙隆dio Lowrance Nitro Thrust Barracuda,2025-01-07,1996.62
25,R脙隆dio Lowrance Nitro Thrust Barracuda,2025-08-20,2216.09
25,R脙隆dio Lowrance Nitro Thrust Barracuda,2025-10-15,2226.75
25,R脙隆dio Lowrance Nitro Thrust Barracuda,2025-12-31,2204.09
26,Piloto Autom脙隆tico Furuno Core Boost Flux,2017-06-14,5264.45
26,Piloto Autom脙隆tico Furuno Core Boost Flux,2017-07-14,5419.11
26,Piloto Autom脙隆tico Furuno Core Boost Flux,2018-04-23,5021.99
26,Piloto Autom脙隆tico Furuno Core Boost Flux,2019-02-18,4632.32
26,Piloto Autom脙隆tico Furuno Core Boost Flux,2022-03-14,3412.88
26,Piloto Autom脙隆tico Furuno Core Boost Flux,2024-05-08,3396.78
26,Piloto Autom脙隆tico Furuno Core Boost Flux,2024-05-17,3378.85
26,Piloto Autom脙隆tico Furuno Core Boost Flux,2025-09-23,3257.47
26,Piloto Autom脙隆tico Furuno Core Boost Flux,2025-11-04,3210.1
27,GPS Garmin Vortex Mar脙漏 Drift,2016-07-08,5009.24
27,GPS Garmin Vortex Mar脙漏 Drift,2017-06-26,4985.04
27,GPS Garmin Vortex Mar脙漏 Drift,2018-03-07,5110.01
27,GPS Garmin Vortex Mar脙漏 Drift,2019-05-29,4132.1
27,GPS Garmin Vortex Mar脙漏 Drift,2019-08-21,4102.43
27,GPS Garmin Vortex Mar脙漏 Drift,2020-06-10,3377.4
27,GPS Garmin Vortex Mar脙漏 Drift,2020-06-25,3098.94
27,GPS Garmin Vortex Mar脙漏 Drift,2021-01-21,3105.99
27,GPS Garmin Vortex Mar脙漏 Drift,2021-06-08,3270.7
27,GPS Garmin Vortex Mar脙漏 Drift,2021-06-18,3282.07
27,GPS Garmin Vortex Mar脙漏 Drift,2022-07-12,3051.23
27,GPS Garmin Vortex Mar脙漏 Drift,2025-05-26,2916.55
27,GPS Garmin Vortex Mar脙漏 Drift,2025-07-08,3026.01
28,Piloto Autom脙隆tico AIS Core,2018-06-18,3798.53
28,Piloto Autom脙隆tico AIS Core,2019-08-30,3445.84
28,Piloto Autom脙隆tico AIS Core,2019-09-11,3509.8
28,Piloto Autom脙隆tico AIS Core,2019-12-03,3394.73
28,Piloto Autom脙隆tico AIS Core,2020-01-29,3394.33
28,Piloto Autom脙隆tico AIS Core,2020-08-14,2648.03
28,Piloto Autom脙隆tico AIS Core,2020-09-02,2653.5
28,Piloto Autom脙隆tico AIS Core,2023-03-14,2723.39
28,Piloto Autom脙隆tico AIS Core,2023-11-21,2921.84
28,Piloto Autom脙隆tico AIS Core,2024-05-14,2776.74
28,Piloto Autom脙隆tico AIS Core,2025-08-26,2630.15
29,R脙隆dio Simrad Orca,2017-04-18,11795.79
29,R脙隆dio Simrad Orca,2022-03-29,7689.63
29,R脙隆dio Simrad Orca,2025-08-11,6703.2
30,Transponder AIS Boost,2018-05-15,8775.65
30,Transponder AIS Boost,2020-05-19,5636.75
30,Transponder AIS Boost,2023-09-04,6558.44
31,Transponder Furuno Pulse Axis,2016-01-15,2050.48
31,Transponder Furuno Pulse Axis,2016-06-10,2418.07
31,Transponder Furuno Pulse Axis,2023-07-18,1724.43
31,Transponder Furuno Pulse Axis,2023-09-22,1686.13
31,Transponder Furuno Pulse Axis,2024-07-03,1482.91
31,Transponder Furuno Pulse Axis,2025-07-28,1482.54
32,Sonda AIS Impulse Oceanic Zenith,2016-01-08,3106.66
32,Sonda AIS Impulse Oceanic Zenith,2020-11-03,2197.69
32,Sonda AIS Impulse Oceanic Zenith,2021-03-02,2199.67
32,Sonda AIS Impulse Oceanic Zenith,2022-05-25,2585.66
32,Sonda AIS Impulse Oceanic Zenith,2023-06-12,2560.62
32,Sonda AIS Impulse Oceanic Zenith,2024-01-11,2562.61
32,Sonda AIS Impulse Oceanic Zenith,2024-05-23,2430.64
32,Sonda AIS Impulse Oceanic Zenith,2024-07-23,2240.54
32,Sonda AIS Impulse Oceanic Zenith,2024-10-07,2288.99
32,Sonda AIS Impulse Oceanic Zenith,2025-05-08,2199.05
32,Sonda AIS Impulse Oceanic Zenith,2025-05-09,2212.63
32,Sonda AIS Impulse Oceanic Zenith,2025-08-28,2310.61
33,Transponder Garmin Drift Vortex Marlin,2018-09-20,1638.35
33,Transponder Garmin Drift Vortex Marlin,2020-08-26,1206.27
33,Transponder Garmin Drift Vortex Marlin,2020-09-10,1268.8
33,Transponder Garmin Drift Vortex Marlin,2024-04-10,1325.97
34,Transponder AIS Helix Torque,2016-12-02,1419.45
34,Transponder AIS Helix Torque,2018-05-04,1392.99
34,Transponder AIS Helix Torque,2021-05-14,933.21
34,Transponder AIS Helix Torque,2021-08-02,957.22
34,Transponder AIS Helix Torque,2022-08-09,960.12
34,Transponder AIS Helix Torque,2023-08-02,1022.84
34,Transponder AIS Helix Torque,2024-04-25,951.66
35,Radar Furuno Swift,2019-08-28,2648.55
35,Radar Furuno Swift,2020-02-13,2536.83
35,Radar Furuno Swift,2020-02-21,2505.93
35,Radar Furuno Swift,2020-04-29,2027.36
35,Radar Furuno Swift,2022-03-09,2197.24
35,Radar Furuno Swift,2022-04-07,2321.06
35,Radar Furuno Swift,2022-05-05,2199.13
35,Radar Furuno Swift,2023-02-15,2106.85
35,Radar Furuno Swift,2025-09-30,2069.49
36,Radar Lowrance Aqua Pulse,2016-07-20,6952.99
36,Radar Lowrance Aqua Pulse,2017-10-24,6961.99
36,Radar Lowrance Aqua Pulse,2019-04-25,5690.32
36,Radar Lowrance Aqua Pulse,2020-01-17,5403.02
36,Radar Lowrance Aqua Pulse,2020-07-17,4224.24
36,Radar Lowrance Aqua Pulse,2020-11-26,4248.78
36,Radar Lowrance Aqua Pulse,2021-03-12,4062.51
36,Radar Lowrance Aqua Pulse,2021-03-19,4103.67
36,Radar Lowrance Aqua Pulse,2021-05-06,4273.2
36,Radar Lowrance Aqua Pulse,2022-05-10,4398.53
36,Radar Lowrance Aqua Pulse,2022-09-26,4221.25
36,Radar Lowrance Aqua Pulse,2023-06-02,4561.15
36,Radar Lowrance Aqua Pulse,2023-06-22,4733.87
36,Radar Lowrance Aqua Pulse,2023-10-11,4476.41
36,Radar Lowrance Aqua Pulse,2025-07-10,4077.69
37,GPS Lowrance Evo Storm Drift,2016-06-13,1757.38
37,GPS Lowrance Evo Storm Drift,2019-06-12,1578.86
37,GPS Lowrance Evo Storm Drift,2020-03-02,1350.18
37,GPS Lowrance Evo Storm Drift,2021-07-19,1167.5
37,GPS Lowrance Evo Storm Drift,2021-09-03,1174.12
37,GPS Lowrance Evo Storm Drift,2022-06-15,1187.12
37,GPS Lowrance Evo Storm Drift,2022-09-28,1132.29
37,GPS Lowrance Evo Storm Drift,2023-03-09,1181.71
37,GPS Lowrance Evo Storm Drift,2023-10-30,1211.89
37,GPS Lowrance Evo Storm Drift,2024-12-11,1006.02
37,GPS Lowrance Evo Storm Drift,2025-01-10,995.38
37,GPS Lowrance Evo Storm Drift,2025-06-20,1104.2
38,R脙隆dio AIS Force,2018-01-16,8214.43
38,R脙隆dio AIS Force,2018-03-29,7962.55
38,R脙隆dio AIS Force,2020-08-21,4720.31
38,R脙隆dio AIS Force,2020-08-25,4725.96
38,R脙隆dio AIS Force,2022-10-21,5097.21
38,R脙隆dio AIS Force,2023-07-27,5606.65
38,R脙隆dio AIS Force,2023-08-30,5439.42
38,R脙隆dio AIS Force,2024-08-20,4851.61
39,GPS Furuno Vector,2016-04-19,8339.76
39,GPS Furuno Vector,2020-06-08,6007.67
39,GPS Furuno Vector,2020-10-16,5270.87
40,Sonda Furuno Mar脙漏 Tidal,2017-02-22,4602.52
40,Sonda Furuno Mar脙漏 Tidal,2018-07-26,3809.13
40,Sonda Furuno Mar脙漏 Tidal,2018-08-02,3768.44
40,Sonda Furuno Mar脙漏 Tidal,2019-06-13,3691.55
40,Sonda Furuno Mar脙漏 Tidal,2019-07-30,3743.08
40,Sonda Furuno Mar脙漏 Tidal,2020-05-07,2430.48
40,Sonda Furuno Mar脙漏 Tidal,2020-12-29,2731.06
40,Sonda Furuno Mar脙漏 Tidal,2022-06-02,2962.85
40,Sonda Furuno Mar脙漏 Tidal,2022-12-23,2757.45
40,Sonda Furuno Mar脙漏 Tidal,2023-08-01,2970.73
40,Sonda Furuno Mar脙漏 Tidal,2024-01-19,2881.94
40,Sonda Furuno Mar脙漏 Tidal,2024-03-04,2867.26
41,GPS Simrad Flow Pulse,2017-12-06,3276.86
41,GPS Simrad Flow Pulse,2020-10-08,1886.32
41,GPS Simrad Flow Pulse,2023-01-06,2005.71
41,GPS Simrad Flow Pulse,2024-07-22,1906.75
41,GPS Simrad Flow Pulse,2024-10-01,1944.42
41,GPS Simrad Flow Pulse,2024-12-12,1784.45
41,GPS Simrad Flow Pulse,2025-01-23,1784.72
42,Transponder Lowrance Axis,2017-04-10,1908.37
42,Transponder Lowrance Axis,2017-06-06,1826.47
42,Transponder Lowrance Axis,2022-05-27,1263.57
43,Sonda AIS Barracuda,2018-02-06,10763.6
43,Sonda AIS Barracuda,2021-02-17,6483.57
43,Sonda AIS Barracuda,2021-12-28,6219.32
43,Sonda AIS Barracuda,2025-10-07,6577.74
44,GPS Simrad Zen Hydra Peak,2017-03-24,3455.31
44,GPS Simrad Zen Hydra Peak,2017-06-21,3251.06
44,GPS Simrad Zen Hydra Peak,2017-08-29,3410.28
44,GPS Simrad Zen Hydra Peak,2017-09-18,3460.07
44,GPS Simrad Zen Hydra Peak,2017-10-25,3337.4
44,GPS Simrad Zen Hydra Peak,2019-09-26,2606.38
44,GPS Simrad Zen Hydra Peak,2022-01-17,1963.02
44,GPS Simrad Zen Hydra Peak,2024-02-05,2159.34
44,GPS Simrad Zen Hydra Peak,2025-02-19,1893.25
44,GPS Simrad Zen Hydra Peak,2025-08-25,1995.06
45,GPS Furuno Current,2016-05-17,2827.13
45,GPS Furuno Current,2017-06-23,2970.88
45,GPS Furuno Current,2018-11-08,2649.11
45,GPS Furuno Current,2019-02-14,2623.5
45,GPS Furuno Current,2019-05-22,2462.26
45,GPS Furuno Current,2020-07-21,1894.47
45,GPS Furuno Current,2020-11-17,1835.31
45,GPS Furuno Current,2022-02-03,1867.95
45,GPS Furuno Current,2022-02-14,1900.9
45,GPS Furuno Current,2023-03-22,1881.33
45,GPS Furuno Current,2025-05-19,1750.24
46,Sonda AIS Magnum Boost,2016-10-06,1542.77
46,Sonda AIS Magnum Boost,2016-11-14,1447.09
46,Sonda AIS Magnum Boost,2016-12-20,1484.15
46,Sonda AIS Magnum Boost,2016-12-26,1524.32
46,Sonda AIS Magnum Boost,2018-06-25,1320.06
46,Sonda AIS Magnum Boost,2020-09-11,943.04
46,Sonda AIS Magnum Boost,2020-09-25,895.38
46,Sonda AIS Magnum Boost,2021-05-04,914.47
46,Sonda AIS Magnum Boost,2021-08-20,918.36
46,Sonda AIS Magnum Boost,2022-12-02,959.01
46,Sonda AIS Magnum Boost,2023-05-24,1007.47
46,Sonda AIS Magnum Boost,2023-08-15,1000.64
46,Sonda AIS Magnum Boost,2025-07-08,913.36
47,R脙隆dio Simrad Tidal Aqua,2016-01-04,1516.33
47,R脙隆dio Simrad Tidal Aqua,2016-01-08,1521.46
47,R脙隆dio Simrad Tidal Aqua,2016-11-25,1786.53
47,R脙隆dio Simrad Tidal Aqua,2017-10-27,1867.04
47,R脙隆dio Simrad Tidal Aqua,2018-09-18,1480.3
47,R脙隆dio Simrad Tidal Aqua,2019-05-10,1547.3
47,R脙隆dio Simrad Tidal Aqua,2019-05-15,1529.78
47,R脙隆dio Simrad Tidal Aqua,2019-06-24,1601.7
47,R脙隆dio Simrad Tidal Aqua,2019-11-07,1496.29
47,R脙隆dio Simrad Tidal Aqua,2024-07-04,1116.66
47,R脙隆dio Simrad Tidal Aqua,2025-11-13,1159.34
48,GPS Furuno Magnum Drift,2017-02-03,4717.9
48,GPS Furuno Magnum Drift,2017-02-13,4727.89
48,GPS Furuno Magnum Drift,2018-12-03,3849.72
48,GPS Furuno Magnum Drift,2020-07-21,2818.9
48,GPS Furuno Magnum Drift,2020-08-10,2732.65
48,GPS Furuno Magnum Drift,2020-12-31,2836.04
48,GPS Furuno Magnum Drift,2023-08-03,3020.3
48,GPS Furuno Magnum Drift,2024-03-15,2951.34
48,GPS Furuno Magnum Drift,2024-03-20,2940.57
48,GPS Furuno Magnum Drift,2024-09-12,2605.99
48,GPS Furuno Magnum Drift,2025-09-08,2715.28
49,Sonda Furuno Swift,2016-06-22,3915.41
49,Sonda Furuno Swift,2020-08-14,2463.37
49,Sonda Furuno Swift,2021-06-07,2627.0
49,Sonda Furuno Swift,2024-09-11,2352.61
50,Piloto Autom脙隆tico Simrad Poseidon Magnum,2016-05-19,3132.48
50,Piloto Autom脙隆tico Simrad Poseidon Magnum,2016-08-03,3445.47
50,Piloto Autom脙隆tico Simrad Poseidon Magnum,2017-10-24,3473.38
50,Piloto Autom脙隆tico Simrad Poseidon Magnum,2019-04-11,2936.99
50,Piloto Autom脙隆tico Simrad Poseidon Magnum,2020-04-24,1995.61
50,Piloto Autom脙隆tico Simrad Poseidon Magnum,2020-12-23,2179.61
50,Piloto Autom脙隆tico Simrad Poseidon Magnum,2023-07-31,2378.45
50,Piloto Autom脙隆tico Simrad Poseidon Magnum,2025-12-29,2023.22
51,Motor Diesel Tohatsu Evo Zenith 16HP,2016-04-20,18074.48
51,Motor Diesel Tohatsu Evo Zenith 16HP,2017-02-07,20499.39
51,Motor Diesel Tohatsu Evo Zenith 16HP,2017-02-21,20720.51
51,Motor Diesel Tohatsu Evo Zenith 16HP,2017-03-28,20500.04
51,Motor Diesel Tohatsu Evo Zenith 16HP,2017-05-09,20143.48
51,Motor Diesel Tohatsu Evo Zenith 16HP,2018-05-15,17459.65
51,Motor Diesel Tohatsu Evo Zenith 16HP,2018-05-29,17208.64
51,Motor Diesel Tohatsu Evo Zenith 16HP,2018-12-07,16468.76
51,Motor Diesel Tohatsu Evo Zenith 16HP,2019-04-23,16271.62
51,Motor Diesel Tohatsu Evo Zenith 16HP,2020-08-06,12009.17
51,Motor Diesel Tohatsu Evo Zenith 16HP,2020-12-18,12585.13
51,Motor Diesel Tohatsu Evo Zenith 16HP,2021-03-17,11340.92
51,Motor Diesel Tohatsu Evo Zenith 16HP,2021-09-22,12156.62
51,Motor Diesel Tohatsu Evo Zenith 16HP,2022-08-04,12243.38
51,Motor Diesel Tohatsu Evo Zenith 16HP,2024-10-01,11769.05
52,Motor Diesel Honda Zen Tidal Mako 26HP,2018-11-19,3649.85
52,Motor Diesel Honda Zen Tidal Mako 26HP,2020-09-10,2589.1
52,Motor Diesel Honda Zen Tidal Mako 26HP,2023-01-11,2634.69
52,Motor Diesel Honda Zen Tidal Mako 26HP,2024-07-29,2426.66
52,Motor Diesel Honda Zen Tidal Mako 26HP,2025-11-14,2588.32
53,Motor El脙漏trico Torqeedo Zen Titan Hydra 129HP,2018-02-14,16499.65
53,Motor El脙漏trico Torqeedo Zen Titan Hydra 129HP,2019-06-12,13966.59
53,Motor El脙漏trico Torqeedo Zen Titan Hydra 129HP,2019-12-02,12702.64
53,Motor El脙漏trico Torqeedo Zen Titan Hydra 129HP,2019-12-03,12779.16
53,Motor El脙漏trico Torqeedo Zen Titan Hydra 129HP,2020-09-17,10206.9
53,Motor El脙漏trico Torqeedo Zen Titan Hydra 129HP,2020-12-24,10364.97
53,Motor El脙漏trico Torqeedo Zen Titan Hydra 129HP,2022-07-19,9958.63
53,Motor El脙漏trico Torqeedo Zen Titan Hydra 129HP,2023-01-02,10045.86
53,Motor El脙漏trico Torqeedo Zen Titan Hydra 129HP,2023-07-26,11332.93
53,Motor El脙漏trico Torqeedo Zen Titan Hydra 129HP,2024-06-28,9656.73
53,Motor El脙漏trico Torqeedo Zen Titan Hydra 129HP,2024-08-06,9496.3
53,Motor El脙漏trico Torqeedo Zen Titan Hydra 129HP,2025-03-20,9479.53
53,Motor El脙漏trico Torqeedo Zen Titan Hydra 129HP,2025-09-26,10044.16
54,Motor de Popa Yamaha Evo Dash 155HP,2016-05-16,34695.49
54,Motor de Popa Yamaha Evo Dash 155HP,2017-09-28,38140.54
54,Motor de Popa Yamaha Evo Dash 155HP,2019-02-12,32591.8
54,Motor de Popa Yamaha Evo Dash 155HP,2021-08-06,23191.9
55,Motor Diesel Volvo Flow Oceanic 259HP,2021-01-19,20776.21
55,Motor Diesel Volvo Flow Oceanic 259HP,2022-04-14,23326.09
55,Motor Diesel Volvo Flow Oceanic 259HP,2024-02-06,22138.68
56,Motor El脙漏trico Torqeedo Velocity Swift 74HP,2016-12-07,12685.17
56,Motor El脙漏trico Torqeedo Velocity Swift 74HP,2022-12-19,8087.59
56,Motor El脙漏trico Torqeedo Velocity Swift 74HP,2025-01-31,7374.35
57,Motor de Popa Honda Vector Kinetic 174HP,2017-11-17,36236.52
57,Motor de Popa Honda Vector Kinetic 174HP,2018-03-02,36429.89
57,Motor de Popa Honda Vector Kinetic 174HP,2018-08-24,29081.12
57,Motor de Popa Honda Vector Kinetic 174HP,2019-01-09,32170.77
57,Motor de Popa Honda Vector Kinetic 174HP,2020-05-26,22120.74
57,Motor de Popa Honda Vector Kinetic 174HP,2020-08-14,22061.17
57,Motor de Popa Honda Vector Kinetic 174HP,2021-11-22,21275.29
57,Motor de Popa Honda Vector Kinetic 174HP,2022-12-16,22497.79
57,Motor de Popa Honda Vector Kinetic 174HP,2024-03-22,23810.02
57,Motor de Popa Honda Vector Kinetic 174HP,2024-11-26,20486.78
58,Motor de Popa Tohatsu Ion Core Nautic 53HP,2017-11-16,33176.21
58,Motor de Popa Tohatsu Ion Core Nautic 53HP,2019-05-08,27663.99
58,Motor de Popa Tohatsu Ion Core Nautic 53HP,2021-02-19,20183.35
58,Motor de Popa Tohatsu Ion Core Nautic 53HP,2022-07-13,20157.55
58,Motor de Popa Tohatsu Ion Core Nautic 53HP,2024-07-30,19252.13
58,Motor de Popa Tohatsu Ion Core Nautic 53HP,2024-08-23,19694.26
58,Motor de Popa Tohatsu Ion Core Nautic 53HP,2025-07-30,19423.25
58,Motor de Popa Tohatsu Ion Core Nautic 53HP,2025-11-27,20347.13
59,Motor Diesel Yanmar Hydro Magnum Boost 267HP,2017-09-25,27754.61
59,Motor Diesel Yanmar Hydro Magnum Boost 267HP,2017-10-31,26605.05
59,Motor Diesel Yanmar Hydro Magnum Boost 267HP,2019-03-20,23004.44
59,Motor Diesel Yanmar Hydro Magnum Boost 267HP,2019-06-14,22461.45
59,Motor Diesel Yanmar Hydro Magnum Boost 267HP,2019-07-26,23099.55
59,Motor Diesel Yanmar Hydro Magnum Boost 267HP,2021-08-10,16694.98
59,Motor Diesel Yanmar Hydro Magnum Boost 267HP,2023-09-08,17493.05
59,Motor Diesel Yanmar Hydro Magnum Boost 267HP,2023-09-14,17882.07
59,Motor Diesel Yanmar Hydro Magnum Boost 267HP,2024-03-08,17522.59
59,Motor Diesel Yanmar Hydro Magnum Boost 267HP,2024-09-04,15467.88
59,Motor Diesel Yanmar Hydro Magnum Boost 267HP,2024-10-16,15361.57
59,Motor Diesel Yanmar Hydro Magnum Boost 267HP,2025-01-07,14351.88
60,Motor de Popa Honda Velocity Drift 258HP,2016-02-01,27202.05
60,Motor de Popa Honda Velocity Drift 258HP,2018-07-20,28780.03
60,Motor de Popa Honda Velocity Drift 258HP,2018-08-22,26697.87
60,Motor de Popa Honda Velocity Drift 258HP,2018-09-21,26705.73
60,Motor de Popa Honda Velocity Drift 258HP,2021-02-01,19917.05
60,Motor de Popa Honda Velocity Drift 258HP,2021-03-24,19657.13
60,Motor de Popa Honda Velocity Drift 258HP,2021-04-15,19341.09
60,Motor de Popa Honda Velocity Drift 258HP,2023-08-09,22190.02
60,Motor de Popa Honda Velocity Drift 258HP,2023-12-22,22370.78
60,Motor de Popa Honda Velocity Drift 258HP,2024-08-27,19786.24
60,Motor de Popa Honda Velocity Drift 258HP,2025-04-29,19261.28
61,Motor Diesel Honda Prime 84HP,2018-12-06,7152.72
61,Motor Diesel Honda Prime 84HP,2020-02-13,6458.44
61,Motor Diesel Honda Prime 84HP,2022-11-04,5564.33
61,Motor Diesel Honda Prime 84HP,2023-01-23,5396.92
61,Motor Diesel Honda Prime 84HP,2024-08-26,5102.18
62,Motor Diesel Yanmar Velocity 37HP,2018-08-21,25640.75
62,Motor Diesel Yanmar Velocity 37HP,2019-12-24,25058.7
62,Motor Diesel Yanmar Velocity 37HP,2022-02-21,20047.06
62,Motor Diesel Yanmar Velocity 37HP,2022-07-04,19275.53
62,Motor Diesel Yanmar Velocity 37HP,2023-01-03,19016.98
62,Motor Diesel Yanmar Velocity 37HP,2023-01-16,20000.78
63,Motor El脙漏trico Torqeedo Ion Orca Vox 186HP,2017-02-16,45881.74
63,Motor El脙漏trico Torqeedo Ion Orca Vox 186HP,2017-05-30,42862.12
63,Motor El脙漏trico Torqeedo Ion Orca Vox 186HP,2018-03-21,42520.94
63,Motor El脙漏trico Torqeedo Ion Orca Vox 186HP,2021-07-15,27445.91
63,Motor El脙漏trico Torqeedo Ion Orca Vox 186HP,2021-07-29,27618.14
63,Motor El脙漏trico Torqeedo Ion Orca Vox 186HP,2025-05-15,24849.56
64,Motor El脙漏trico Yamaha Swift Drift Current 265HP,2016-12-15,32966.4
64,Motor El脙漏trico Yamaha Swift Drift Current 265HP,2017-01-13,34815.02
64,Motor El脙漏trico Yamaha Swift Drift Current 265HP,2017-01-19,34729.36
64,Motor El脙漏trico Yamaha Swift Drift Current 265HP,2020-12-17,22034.06
64,Motor El脙漏trico Yamaha Swift Drift Current 265HP,2021-08-09,21131.28
64,Motor El脙漏trico Yamaha Swift Drift Current 265HP,2022-07-14,20436.49
64,Motor El脙漏trico Yamaha Swift Drift Current 265HP,2022-09-06,21352.22
64,Motor El脙漏trico Yamaha Swift Drift Current 265HP,2025-02-26,19307.99
65,Motor de Popa Torqeedo Nautic Swift 223HP,2016-01-27,6319.75
65,Motor de Popa Torqeedo Nautic Swift 223HP,2016-12-07,7541.59
65,Motor de Popa Torqeedo Nautic Swift 223HP,2022-06-13,5008.66
65,Motor de Popa Torqeedo Nautic Swift 223HP,2023-08-11,5225.24
65,Motor de Popa Torqeedo Nautic Swift 223HP,2024-05-17,4996.52
65,Motor de Popa Torqeedo Nautic Swift 223HP,2025-01-13,4184.78
66,Motor de Popa Tohatsu Poseidon Helix Prime 135HP,2018-10-04,3220.11
66,Motor de Popa Tohatsu Poseidon Helix Prime 135HP,2021-01-05,2360.29
66,Motor de Popa Tohatsu Poseidon Helix Prime 135HP,2024-07-08,2297.7
66,Motor de Popa Tohatsu Poseidon Helix Prime 135HP,2025-02-14,2194.88
67,Motor de Popa Yamaha Mako 108HP,2017-05-12,27422.66
67,Motor de Popa Yamaha Mako 108HP,2018-08-10,22302.57
67,Motor de Popa Yamaha Mako 108HP,2019-02-26,22822.91
67,Motor de Popa Yamaha Mako 108HP,2019-10-15,20681.03
67,Motor de Popa Yamaha Mako 108HP,2022-06-17,16720.73
68,Motor de Popa Honda Ion Vox Prime 163HP,2016-05-02,19121.65
68,Motor de Popa Honda Ion Vox Prime 163HP,2017-12-04,20583.72
68,Motor de Popa Honda Ion Vox Prime 163HP,2019-02-20,18034.48
68,Motor de Popa Honda Ion Vox Prime 163HP,2020-05-13,11335.42
68,Motor de Popa Honda Ion Vox Prime 163HP,2020-10-27,11843.55
68,Motor de Popa Honda Ion Vox Prime 163HP,2021-03-18,12060.49
68,Motor de Popa Honda Ion Vox Prime 163HP,2021-08-24,12619.48
68,Motor de Popa Honda Ion Vox Prime 163HP,2021-09-10,12827.33
68,Motor de Popa Honda Ion Vox Prime 163HP,2021-12-30,11988.94
68,Motor de Popa Honda Ion Vox Prime 163HP,2023-04-18,13467.77
68,Motor de Popa Honda Ion Vox Prime 163HP,2023-04-26,13226.26
68,Motor de Popa Honda Ion Vox Prime 163HP,2023-06-21,13998.43
68,Motor de Popa Honda Ion Vox Prime 163HP,2024-04-04,13317.89
68,Motor de Popa Honda Ion Vox Prime 163HP,2025-10-20,12442.5
69,Motor de Popa Torqeedo Ultra Impulse 292HP,2016-08-16,14259.84
69,Motor de Popa Torqeedo Ultra Impulse 292HP,2017-08-01,14529.44
69,Motor de Popa Torqeedo Ultra Impulse 292HP,2018-11-13,11979.31
69,Motor de Popa Torqeedo Ultra Impulse 292HP,2020-03-11,9686.09
69,Motor de Popa Torqeedo Ultra Impulse 292HP,2020-04-03,8542.02
69,Motor de Popa Torqeedo Ultra Impulse 292HP,2023-05-15,9219.51
69,Motor de Popa Torqeedo Ultra Impulse 292HP,2024-04-18,8620.92
69,Motor de Popa Torqeedo Ultra Impulse 292HP,2024-10-11,8046.11
69,Motor de Popa Torqeedo Ultra Impulse 292HP,2025-07-15,8145.73
69,Motor de Popa Torqeedo Ultra Impulse 292HP,2025-08-13,8394.54
70,Motor Diesel Parsun Boost Helix Velocity 146HP,2018-10-11,9172.7
70,Motor Diesel Parsun Boost Helix Velocity 146HP,2018-12-18,8811.12
70,Motor Diesel Parsun Boost Helix Velocity 146HP,2019-08-26,8306.24
70,Motor Diesel Parsun Boost Helix Velocity 146HP,2020-01-20,8214.48
70,Motor Diesel Parsun Boost Helix Velocity 146HP,2021-04-07,6150.49
70,Motor Diesel Parsun Boost Helix Velocity 146HP,2022-01-25,6250.42
70,Motor Diesel Parsun Boost Helix Velocity 146HP,2022-06-08,7053.78
70,Motor Diesel Parsun Boost Helix Velocity 146HP,2022-11-09,6655.06
70,Motor Diesel Parsun Boost Helix Velocity 146HP,2024-07-29,6083.51
70,Motor Diesel Parsun Boost Helix Velocity 146HP,2024-11-06,5960.14
70,Motor Diesel Parsun Boost Helix Velocity 146HP,2024-12-31,5548.63
70,Motor Diesel Parsun Boost Helix Velocity 146HP,2025-12-29,6164.29
71,Motor El脙漏trico Torqeedo Pulse 300HP,2018-01-24,40725.21
71,Motor El脙漏trico Torqeedo Pulse 300HP,2020-01-06,32103.69
71,Motor El脙漏trico Torqeedo Pulse 300HP,2020-03-05,28175.59
71,Motor El脙漏trico Torqeedo Pulse 300HP,2020-09-04,24634.58
71,Motor El脙漏trico Torqeedo Pulse 300HP,2022-07-04,24546.32
71,Motor El脙漏trico Torqeedo Pulse 300HP,2022-08-15,25564.93
71,Motor El脙漏trico Torqeedo Pulse 300HP,2022-11-29,24528.75
71,Motor El脙漏trico Torqeedo Pulse 300HP,2023-04-04,25647.03
71,Motor El脙漏trico Torqeedo Pulse 300HP,2023-06-30,27014.91
71,Motor El脙漏trico Torqeedo Pulse 300HP,2023-07-26,27484.92
71,Motor El脙漏trico Torqeedo Pulse 300HP,2024-08-29,23100.17
72,Motor de Popa Volvo Hydro Dash 256HP,2017-05-19,30319.01
72,Motor de Popa Volvo Hydro Dash 256HP,2018-03-09,30675.48
72,Motor de Popa Volvo Hydro Dash 256HP,2025-03-11,17083.12
73,Motor de Popa Torqeedo Core Hydra Flux 162HP,2016-12-02,41323.15
73,Motor de Popa Torqeedo Core Hydra Flux 162HP,2017-08-10,45394.28
73,Motor de Popa Torqeedo Core Hydra Flux 162HP,2018-01-12,44470.65
73,Motor de Popa Torqeedo Core Hydra Flux 162HP,2018-06-12,38652.18
73,Motor de Popa Torqeedo Core Hydra Flux 162HP,2018-10-29,39370.75
73,Motor de Popa Torqeedo Core Hydra Flux 162HP,2018-12-11,36701.09
73,Motor de Popa Torqeedo Core Hydra Flux 162HP,2019-06-11,37032.42
73,Motor de Popa Torqeedo Core Hydra Flux 162HP,2021-04-12,25304.0
73,Motor de Popa Torqeedo Core Hydra Flux 162HP,2021-07-12,27407.95
73,Motor de Popa Torqeedo Core Hydra Flux 162HP,2023-01-20,27541.35
73,Motor de Popa Torqeedo Core Hydra Flux 162HP,2024-03-22,28694.54
73,Motor de Popa Torqeedo Core Hydra Flux 162HP,2024-08-21,26171.36
73,Motor de Popa Torqeedo Core Hydra Flux 162HP,2024-10-10,25649.93
73,Motor de Popa Torqeedo Core Hydra Flux 162HP,2025-12-17,25987.97
74,Motor de Popa Honda Torque 228HP,2016-08-15,27334.86
74,Motor de Popa Honda Torque 228HP,2018-12-19,22250.99
74,Motor de Popa Honda Torque 228HP,2023-04-05,17160.36
74,Motor de Popa Honda Torque 228HP,2025-01-24,14691.11
74,Motor de Popa Honda Torque 228HP,2025-06-26,15698.25
75,Motor Diesel Volvo Flow Leviathan Mar脙漏 187HP,2016-05-23,9190.66
75,Motor Diesel Volvo Flow Leviathan Mar脙漏 187HP,2020-07-31,6298.34
75,Motor Diesel Volvo Flow Leviathan Mar脙漏 187HP,2022-02-07,6193.58
75,Motor Diesel Volvo Flow Leviathan Mar脙漏 187HP,2024-08-28,5924.6
76,Motor Diesel Honda Aero 205HP,2016-02-18,36971.92
76,Motor Diesel Honda Aero 205HP,2016-06-21,43727.9
76,Motor Diesel Honda Aero 205HP,2016-10-26,47479.65
76,Motor Diesel Honda Aero 205HP,2016-12-21,44516.0
76,Motor Diesel Honda Aero 205HP,2017-02-16,48583.21
76,Motor Diesel Honda Aero 205HP,2018-11-19,39470.06
76,Motor Diesel Honda Aero 205HP,2019-09-12,36603.0
76,Motor Diesel Honda Aero 205HP,2020-01-08,36442.79
76,Motor Diesel Honda Aero 205HP,2020-12-16,29029.45
76,Motor Diesel Honda Aero 205HP,2022-07-04,27945.06
76,Motor Diesel Honda Aero 205HP,2024-04-15,28642.87
76,Motor Diesel Honda Aero 205HP,2024-07-24,26304.27
76,Motor Diesel Honda Aero 205HP,2024-08-23,26819.81
76,Motor Diesel Honda Aero 205HP,2025-11-13,28060.41
77,Motor Diesel Tohatsu Vector 197HP,2016-06-07,12868.73
77,Motor Diesel Tohatsu Vector 197HP,2016-11-22,13356.64
77,Motor Diesel Tohatsu Vector 197HP,2017-01-09,13930.59
77,Motor Diesel Tohatsu Vector 197HP,2017-07-25,14169.47
77,Motor Diesel Tohatsu Vector 197HP,2017-10-23,13971.52
77,Motor Diesel Tohatsu Vector 197HP,2020-10-22,8009.58
77,Motor Diesel Tohatsu Vector 197HP,2022-07-29,8617.27
77,Motor Diesel Tohatsu Vector 197HP,2023-02-02,8959.75
77,Motor Diesel Tohatsu Vector 197HP,2024-12-16,7388.71
77,Motor Diesel Tohatsu Vector 197HP,2024-12-30,7220.1
77,Motor Diesel Tohatsu Vector 197HP,2025-04-01,7836.74
77,Motor Diesel Tohatsu Vector 197HP,2025-07-23,8050.4
78,Motor El脙漏trico Honda Mako Axis 131HP,2016-12-22,36569.43
78,Motor El脙漏trico Honda Mako Axis 131HP,2022-07-06,22417.67
78,Motor El脙漏trico Honda Mako Axis 131HP,2022-10-14,23053.04
78,Motor El脙漏trico Honda Mako Axis 131HP,2023-07-18,25349.04
78,Motor El脙漏trico Honda Mako Axis 131HP,2024-03-27,24425.59
79,Motor Diesel Tohatsu Zenith 60HP,2016-02-12,16584.81
79,Motor Diesel Tohatsu Zenith 60HP,2018-11-05,17857.26
79,Motor Diesel Tohatsu Zenith 60HP,2019-10-03,16131.02
79,Motor Diesel Tohatsu Zenith 60HP,2020-12-23,12785.95
79,Motor Diesel Tohatsu Zenith 60HP,2021-10-21,11724.63
79,Motor Diesel Tohatsu Zenith 60HP,2024-02-27,13344.4
79,Motor Diesel Tohatsu Zenith 60HP,2024-07-18,11935.56
79,Motor Diesel Tohatsu Zenith 60HP,2024-09-13,11873.21
79,Motor Diesel Tohatsu Zenith 60HP,2024-11-27,11348.86
79,Motor Diesel Tohatsu Zenith 60HP,2025-01-15,10956.73
79,Motor Diesel Tohatsu Zenith 60HP,2025-01-27,11161.01
79,Motor Diesel Tohatsu Zenith 60HP,2025-11-24,12262.59
80,Motor de Popa Volvo Mar脙漏 69HP,2019-09-26,31166.06
80,Motor de Popa Volvo Mar脙漏 69HP,2021-07-14,25400.76
80,Motor de Popa Volvo Mar脙漏 69HP,2021-07-16,25370.34
80,Motor de Popa Volvo Mar脙漏 69HP,2022-06-22,25090.55
80,Motor de Popa Volvo Mar脙漏 69HP,2022-10-28,24177.04
80,Motor de Popa Volvo Mar脙漏 69HP,2025-11-07,24126.48
81,Motor El脙漏trico Torqeedo Barracuda Magnum Helix 101HP,2016-05-16,34870.68
81,Motor El脙漏trico Torqeedo Barracuda Magnum Helix 101HP,2016-06-28,36724.24
81,Motor El脙漏trico Torqeedo Barracuda Magnum Helix 101HP,2016-07-22,37185.97
81,Motor El脙漏trico Torqeedo Barracuda Magnum Helix 101HP,2016-08-17,37884.9
81,Motor El脙漏trico Torqeedo Barracuda Magnum Helix 101HP,2016-09-27,37756.09
81,Motor El脙漏trico Torqeedo Barracuda Magnum Helix 101HP,2016-10-03,37779.44
81,Motor El脙漏trico Torqeedo Barracuda Magnum Helix 101HP,2017-06-16,37143.01
81,Motor El脙漏trico Torqeedo Barracuda Magnum Helix 101HP,2021-06-24,24791.15
81,Motor El脙漏trico Torqeedo Barracuda Magnum Helix 101HP,2022-08-02,23345.09
81,Motor El脙漏trico Torqeedo Barracuda Magnum Helix 101HP,2024-05-09,23685.5
81,Motor El脙漏trico Torqeedo Barracuda Magnum Helix 101HP,2025-05-14,21775.68
82,Motor El脙漏trico Volvo Nautic Vox 118HP,2017-06-12,15656.17
82,Motor El脙漏trico Volvo Nautic Vox 118HP,2017-11-20,15834.78
82,Motor El脙漏trico Volvo Nautic Vox 118HP,2020-09-11,9770.29
82,Motor El脙漏trico Volvo Nautic Vox 118HP,2025-11-07,9640.23
83,Motor Diesel Yanmar Dash Nitro 184HP,2018-10-31,36265.87
83,Motor Diesel Yanmar Dash Nitro 184HP,2019-01-25,35839.7
83,Motor Diesel Yanmar Dash Nitro 184HP,2025-11-19,25272.57
84,Motor de Popa Torqeedo Zenith Peak Thrust 212HP,2016-03-07,11515.83
84,Motor de Popa Torqeedo Zenith Peak Thrust 212HP,2019-08-13,10929.75
84,Motor de Popa Torqeedo Zenith Peak Thrust 212HP,2020-02-04,10247.52
84,Motor de Popa Torqeedo Zenith Peak Thrust 212HP,2020-02-12,10014.73
84,Motor de Popa Torqeedo Zenith Peak Thrust 212HP,2021-04-28,8041.61
84,Motor de Popa Torqeedo Zenith Peak Thrust 212HP,2023-04-11,8663.64
84,Motor de Popa Torqeedo Zenith Peak Thrust 212HP,2023-08-10,8951.16
84,Motor de Popa Torqeedo Zenith Peak Thrust 212HP,2024-05-14,8456.45
85,Motor de Popa Parsun Impulse 162HP,2016-07-28,11785.51
85,Motor de Popa Parsun Impulse 162HP,2022-12-23,7499.89
85,Motor de Popa Parsun Impulse 162HP,2023-11-23,7885.27
85,Motor de Popa Parsun Impulse 162HP,2025-01-07,6351.97
86,Motor Diesel Volvo Helix Evo Force 144HP,2018-04-25,26694.96
86,Motor Diesel Volvo Helix Evo Force 144HP,2019-02-18,25066.5
86,Motor Diesel Volvo Helix Evo Force 144HP,2019-03-08,24183.68
86,Motor Diesel Volvo Helix Evo Force 144HP,2019-09-05,22892.6
86,Motor Diesel Volvo Helix Evo Force 144HP,2019-10-08,22887.56
86,Motor Diesel Volvo Helix Evo Force 144HP,2020-03-26,18703.13
86,Motor Diesel Volvo Helix Evo Force 144HP,2021-08-13,17824.79
86,Motor Diesel Volvo Helix Evo Force 144HP,2024-12-04,15439.23
86,Motor Diesel Volvo Helix Evo Force 144HP,2025-05-30,16384.28
86,Motor Diesel Volvo Helix Evo Force 144HP,2025-07-23,16841.61
87,Motor El脙漏trico Volvo Boost 225HP,2016-09-23,20740.76
87,Motor El脙漏trico Volvo Boost 225HP,2017-10-04,21354.85
87,Motor El脙漏trico Volvo Boost 225HP,2017-10-13,21180.31
87,Motor El脙漏trico Volvo Boost 225HP,2019-06-24,17489.77
87,Motor El脙漏trico Volvo Boost 225HP,2019-06-27,17305.08
87,Motor El脙漏trico Volvo Boost 225HP,2020-10-30,11585.09
87,Motor El脙漏trico Volvo Boost 225HP,2021-10-13,12054.65
87,Motor El脙漏trico Volvo Boost 225HP,2021-11-01,11794.37
87,Motor El脙漏trico Volvo Boost 225HP,2023-09-04,13597.7
88,Motor Diesel Tohatsu Kinetic Poseidon 113HP,2018-07-05,12335.14
88,Motor Diesel Tohatsu Kinetic Poseidon 113HP,2019-03-15,12607.98
88,Motor Diesel Tohatsu Kinetic Poseidon 113HP,2019-04-03,12577.8
88,Motor Diesel Tohatsu Kinetic Poseidon 113HP,2019-12-12,11764.71
88,Motor Diesel Tohatsu Kinetic Poseidon 113HP,2021-07-22,9300.49
88,Motor Diesel Tohatsu Kinetic Poseidon 113HP,2022-04-25,9902.58
88,Motor Diesel Tohatsu Kinetic Poseidon 113HP,2022-07-22,8866.48
88,Motor Diesel Tohatsu Kinetic Poseidon 113HP,2023-02-07,9351.41
88,Motor Diesel Tohatsu Kinetic Poseidon 113HP,2023-06-28,9954.59
88,Motor Diesel Tohatsu Kinetic Poseidon 113HP,2024-01-08,9896.1
89,Motor El脙漏trico Yamaha Orca Storm Zenith 11HP,2019-06-27,20363.92
89,Motor El脙漏trico Yamaha Orca Storm Zenith 11HP,2021-01-25,14285.88
89,Motor El脙漏trico Yamaha Orca Storm Zenith 11HP,2021-07-30,15363.81
89,Motor El脙漏trico Yamaha Orca Storm Zenith 11HP,2021-08-05,15289.46
89,Motor El脙漏trico Yamaha Orca Storm Zenith 11HP,2022-08-22,15217.31
89,Motor El脙漏trico Yamaha Orca Storm Zenith 11HP,2022-11-11,14832.32
89,Motor El脙漏trico Yamaha Orca Storm Zenith 11HP,2024-09-13,14122.53
90,Motor de Popa Yamaha Thrust Marlin Nexus 182HP,2017-01-25,24968.38
90,Motor de Popa Yamaha Thrust Marlin Nexus 182HP,2017-08-04,25337.09
90,Motor de Popa Yamaha Thrust Marlin Nexus 182HP,2017-10-19,24930.6
90,Motor de Popa Yamaha Thrust Marlin Nexus 182HP,2019-08-07,19851.75
90,Motor de Popa Yamaha Thrust Marlin Nexus 182HP,2021-08-26,15088.29
90,Motor de Popa Yamaha Thrust Marlin Nexus 182HP,2021-12-01,14083.78
90,Motor de Popa Yamaha Thrust Marlin Nexus 182HP,2023-12-08,16092.39
90,Motor de Popa Yamaha Thrust Marlin Nexus 182HP,2024-01-24,16081.27
90,Motor de Popa Yamaha Thrust Marlin Nexus 182HP,2024-06-25,14571.29
90,Motor de Popa Yamaha Thrust Marlin Nexus 182HP,2025-02-20,13873.56
90,Motor de Popa Yamaha Thrust Marlin Nexus 182HP,2025-07-31,14120.74
90,Motor de Popa Yamaha Thrust Marlin Nexus 182HP,2025-09-02,14467.08
91,Motor El脙漏trico Tohatsu Zenith Oceanic 113HP,2016-12-02,38934.89
91,Motor El脙漏trico Tohatsu Zenith Oceanic 113HP,2019-07-24,35883.48
91,Motor El脙漏trico Tohatsu Zenith Oceanic 113HP,2022-03-16,26303.31
91,Motor El脙漏trico Tohatsu Zenith Oceanic 113HP,2023-09-14,27671.77
92,Motor El脙漏trico Yamaha Nautic Kraken 133HP,2016-03-04,23897.07
92,Motor El脙漏trico Yamaha Nautic Kraken 133HP,2017-05-16,28738.63
92,Motor El脙漏trico Yamaha Nautic Kraken 133HP,2017-12-18,27027.86
92,Motor El脙漏trico Yamaha Nautic Kraken 133HP,2018-03-16,27008.15
92,Motor El脙漏trico Yamaha Nautic Kraken 133HP,2018-07-03,22833.45
92,Motor El脙漏trico Yamaha Nautic Kraken 133HP,2019-04-03,23121.03
92,Motor El脙漏trico Yamaha Nautic Kraken 133HP,2019-04-04,22955.56
92,Motor El脙漏trico Yamaha Nautic Kraken 133HP,2019-05-15,22199.65
92,Motor El脙漏trico Yamaha Nautic Kraken 133HP,2019-06-10,22909.99
92,Motor El脙漏trico Yamaha Nautic Kraken 133HP,2019-06-14,22896.41
92,Motor El脙漏trico Yamaha Nautic Kraken 133HP,2021-03-08,15496.82
92,Motor El脙漏trico Yamaha Nautic Kraken 133HP,2022-03-22,18059.04
92,Motor El脙漏trico Yamaha Nautic Kraken 133HP,2022-12-12,16745.97
92,Motor El脙漏trico Yamaha Nautic Kraken 133HP,2024-06-28,15985.84
92,Motor El脙漏trico Yamaha Nautic Kraken 133HP,2024-07-08,16239.74
93,Motor El脙漏trico Yamaha Flow 204HP,2017-12-14,30149.74
93,Motor El脙漏trico Yamaha Flow 204HP,2019-04-08,25995.29
93,Motor El脙漏trico Yamaha Flow 204HP,2021-07-20,19153.44
93,Motor El脙漏trico Yamaha Flow 204HP,2021-10-27,18051.6
93,Motor El脙漏trico Yamaha Flow 204HP,2021-11-16,18346.6
93,Motor El脙漏trico Yamaha Flow 204HP,2022-08-18,19409.47
93,Motor El脙漏trico Yamaha Flow 204HP,2024-06-04,19072.72
93,Motor El脙漏trico Yamaha Flow 204HP,2024-11-18,17444.83
93,Motor El脙漏trico Yamaha Flow 204HP,2025-07-08,18414.19
94,Motor de Popa Volvo Magnum 276HP,2017-05-16,13180.3
94,Motor de Popa Volvo Magnum 276HP,2019-01-30,10970.75
94,Motor de Popa Volvo Magnum 276HP,2021-09-09,7715.19
94,Motor de Popa Volvo Magnum 276HP,2022-01-07,7181.14
94,Motor de Popa Volvo Magnum 276HP,2023-03-31,8022.13
94,Motor de Popa Volvo Magnum 276HP,2025-06-23,7381.46
95,Motor Diesel Honda Leviathan 133HP,2016-06-27,20575.35
95,Motor Diesel Honda Leviathan 133HP,2016-09-02,21529.08
95,Motor Diesel Honda Leviathan 133HP,2017-11-14,21264.79
95,Motor Diesel Honda Leviathan 133HP,2018-04-24,20140.23
95,Motor Diesel Honda Leviathan 133HP,2018-10-24,18839.54
95,Motor Diesel Honda Leviathan 133HP,2018-10-26,18997.45
95,Motor Diesel Honda Leviathan 133HP,2019-11-22,16690.11
95,Motor Diesel Honda Leviathan 133HP,2021-07-05,13757.18
95,Motor Diesel Honda Leviathan 133HP,2022-11-23,12945.63
95,Motor Diesel Honda Leviathan 133HP,2025-07-10,12594.59
96,Motor de Popa Tohatsu Boost Swift 126HP,2018-02-08,21605.84
96,Motor de Popa Tohatsu Boost Swift 126HP,2019-07-12,18859.38
96,Motor de Popa Tohatsu Boost Swift 126HP,2020-03-30,13689.39
96,Motor de Popa Tohatsu Boost Swift 126HP,2021-10-13,12732.73
96,Motor de Popa Tohatsu Boost Swift 126HP,2022-04-11,15019.64
96,Motor de Popa Tohatsu Boost Swift 126HP,2022-09-30,13063.42
96,Motor de Popa Tohatsu Boost Swift 126HP,2023-06-02,14251.86
96,Motor de Popa Tohatsu Boost Swift 126HP,2023-06-23,14776.4
97,Motor de Popa Tohatsu Evo 168HP,2018-03-08,41626.19
97,Motor de Popa Tohatsu Evo 168HP,2019-05-14,34019.17
97,Motor de Popa Tohatsu Evo 168HP,2019-11-21,32218.03
97,Motor de Popa Tohatsu Evo 168HP,2020-10-15,24095.55
97,Motor de Popa Tohatsu Evo 168HP,2021-04-27,24869.54
97,Motor de Popa Tohatsu Evo 168HP,2021-07-27,26195.74
97,Motor de Popa Tohatsu Evo 168HP,2021-12-02,24021.56
97,Motor de Popa Tohatsu Evo 168HP,2023-01-06,25607.88
98,Motor Diesel Parsun Velocity Abyss Orca 235HP,2017-05-24,24326.74
98,Motor Diesel Parsun Velocity Abyss Orca 235HP,2017-08-14,24892.14
98,Motor Diesel Parsun Velocity Abyss Orca 235HP,2018-09-06,19144.38
98,Motor Diesel Parsun Velocity Abyss Orca 235HP,2019-10-02,19104.75
98,Motor Diesel Parsun Velocity Abyss Orca 235HP,2022-08-02,15167.54
98,Motor Diesel Parsun Velocity Abyss Orca 235HP,2022-10-03,15262.93
98,Motor Diesel Parsun Velocity Abyss Orca 235HP,2023-09-29,15850.04
98,Motor Diesel Parsun Velocity Abyss Orca 235HP,2024-12-17,12866.8
99,Motor El脙漏trico Honda Flux Ultra 273HP,2016-04-05,29327.86
99,Motor El脙漏trico Honda Flux Ultra 273HP,2016-08-04,33336.44
99,Motor El脙漏trico Honda Flux Ultra 273HP,2017-03-17,34525.3
99,Motor El脙漏trico Honda Flux Ultra 273HP,2017-05-12,34288.03
99,Motor El脙漏trico Honda Flux Ultra 273HP,2017-10-16,33944.07
99,Motor El脙漏trico Honda Flux Ultra 273HP,2017-10-27,32708.24
99,Motor El脙漏trico Honda Flux Ultra 273HP,2020-02-13,24725.51
99,Motor El脙漏trico Honda Flux Ultra 273HP,2020-08-06,20077.99
99,Motor El脙漏trico Honda Flux Ultra 273HP,2020-11-25,20049.09
99,Motor El脙漏trico Honda Flux Ultra 273HP,2021-07-02,21330.89
99,Motor El脙漏trico Honda Flux Ultra 273HP,2024-08-06,18977.86
99,Motor El脙漏trico Honda Flux Ultra 273HP,2025-01-20,17732.37
100,Motor El脙漏trico Honda Vector Abyss 220HP,2017-07-14,32797.24
100,Motor El脙漏trico Honda Vector Abyss 220HP,2017-08-01,33575.22
100,Motor El脙漏trico Honda Vector Abyss 220HP,2018-01-08,32332.92
100,Motor El脙漏trico Honda Vector Abyss 220HP,2018-04-12,30899.28
100,Motor El脙漏trico Honda Vector Abyss 220HP,2020-03-25,20631.21
100,Motor El脙漏trico Honda Vector Abyss 220HP,2021-05-13,19807.28
100,Motor El脙漏trico Honda Vector Abyss 220HP,2025-11-18,19604.58
101,Cabo de Nylon Delta Vortex,2016-06-16,132.79
101,Cabo de Nylon Delta Vortex,2016-11-17,136.11
101,Cabo de Nylon Delta Vortex,2017-08-25,147.32
101,Cabo de Nylon Delta Vortex,2018-05-04,131.27
101,Cabo de Nylon Delta Vortex,2018-08-02,123.12
101,Cabo de Nylon Delta Vortex,2019-12-23,113.72
101,Cabo de Nylon Delta Vortex,2020-05-19,81.0
101,Cabo de Nylon Delta Vortex,2020-09-04,87.7
101,Cabo de Nylon Delta Vortex,2021-10-14,84.28
101,Cabo de Nylon Delta Vortex,2022-10-18,87.95
101,Cabo de Nylon Delta Vortex,2023-07-14,96.64
101,Cabo de Nylon Delta Vortex,2024-06-04,87.96
101,Cabo de Nylon Delta Vortex,2024-07-03,82.96
101,Cabo de Nylon Delta Vortex,2024-12-24,75.32
101,Cabo de Nylon Delta Vortex,2025-06-06,82.84
102,Cabo de Nylon Bruce Nexus,2017-10-13,263.57
102,Cabo de Nylon Bruce Nexus,2020-01-15,199.93
102,Cabo de Nylon Bruce Nexus,2025-02-26,144.07
103,脙鈥歯cora Delta Swift,2020-02-07,415.41
103,脙鈥歯cora Delta Swift,2020-09-21,328.69
103,脙鈥歯cora Delta Swift,2021-01-05,335.92
103,脙鈥歯cora Delta Swift,2021-10-18,324.2
103,脙鈥歯cora Delta Swift,2022-09-19,341.7
103,脙鈥歯cora Delta Swift,2024-07-05,325.52
103,脙鈥歯cora Delta Swift,2024-09-25,326.91
103,脙鈥歯cora Delta Swift,2025-08-04,324.68
104,Cabo de Nylon Delta Zen Vortex Storm,2016-04-06,1010.54
104,Cabo de Nylon Delta Zen Vortex Storm,2017-05-31,1144.9
104,Cabo de Nylon Delta Zen Vortex Storm,2018-12-21,960.31
104,Cabo de Nylon Delta Zen Vortex Storm,2019-05-15,927.68
104,Cabo de Nylon Delta Zen Vortex Storm,2020-03-26,742.54
105,Cabo de Nylon Danforth Prime,2016-01-21,74.49
105,Cabo de Nylon Danforth Prime,2016-03-10,84.36
105,Cabo de Nylon Danforth Prime,2016-05-27,85.6
105,Cabo de Nylon Danforth Prime,2016-07-19,94.39
105,Cabo de Nylon Danforth Prime,2020-12-09,60.57
105,Cabo de Nylon Danforth Prime,2021-08-16,58.97
105,Cabo de Nylon Danforth Prime,2021-10-22,54.2
105,Cabo de Nylon Danforth Prime,2022-06-24,59.15
105,Cabo de Nylon Danforth Prime,2023-04-03,61.14
105,Cabo de Nylon Danforth Prime,2023-04-17,62.64
105,Cabo de Nylon Danforth Prime,2024-06-03,59.11
105,Cabo de Nylon Danforth Prime,2024-06-13,57.36
105,Cabo de Nylon Danforth Prime,2024-11-12,53.66
105,Cabo de Nylon Danforth Prime,2024-11-25,53.37
106,脙鈥歯cora Danforth Nitro Titan Vox,2017-04-18,1416.67
106,脙鈥歯cora Danforth Nitro Titan Vox,2019-08-13,1103.67
106,脙鈥歯cora Danforth Nitro Titan Vox,2019-11-20,1043.35
106,脙鈥歯cora Danforth Nitro Titan Vox,2020-12-28,837.06
106,脙鈥歯cora Danforth Nitro Titan Vox,2023-08-01,918.37
106,脙鈥歯cora Danforth Nitro Titan Vox,2025-09-17,827.26
106,脙鈥歯cora Danforth Nitro Titan Vox,2025-10-29,820.98
107,Boia de Arqueamento Bruce Tidal Marlin,2016-03-04,407.02
107,Boia de Arqueamento Bruce Tidal Marlin,2017-07-31,483.49
107,Boia de Arqueamento Bruce Tidal Marlin,2018-03-26,458.21
107,Boia de Arqueamento Bruce Tidal Marlin,2018-06-15,401.09
107,Boia de Arqueamento Bruce Tidal Marlin,2020-05-11,261.16
107,Boia de Arqueamento Bruce Tidal Marlin,2022-02-21,296.79
107,Boia de Arqueamento Bruce Tidal Marlin,2022-06-02,316.12
107,Boia de Arqueamento Bruce Tidal Marlin,2022-08-09,295.48
107,Boia de Arqueamento Bruce Tidal Marlin,2023-11-16,311.59
108,Boia de Arqueamento Bruce Titan,2019-04-03,870.56
108,Boia de Arqueamento Bruce Titan,2019-06-04,864.4
108,Boia de Arqueamento Bruce Titan,2019-07-31,888.76
108,Boia de Arqueamento Bruce Titan,2020-02-26,754.3
108,Boia de Arqueamento Bruce Titan,2020-06-10,684.33
108,Boia de Arqueamento Bruce Titan,2022-06-14,653.47
108,Boia de Arqueamento Bruce Titan,2023-11-16,688.83
109,Cabo de Nylon Danforth Evo Aqua Mako,2017-01-12,196.71
109,Cabo de Nylon Danforth Evo Aqua Mako,2018-05-16,169.23
109,Cabo de Nylon Danforth Evo Aqua Mako,2024-04-01,123.24
109,Cabo de Nylon Danforth Evo Aqua Mako,2025-04-23,109.49
110,Corrente Bruce Current,2020-08-17,457.97
110,Corrente Bruce Current,2021-08-26,476.03
110,Corrente Bruce Current,2024-09-02,443.85
111,Boia de Arqueamento Danforth Aero Dash,2017-06-13,1290.65
111,Boia de Arqueamento Danforth Aero Dash,2022-07-28,821.82
111,Boia de Arqueamento Danforth Aero Dash,2024-03-12,860.37
112,Corrente Danforth Tidal,2018-08-24,533.92
112,Corrente Danforth Tidal,2019-05-15,544.9
112,Corrente Danforth Tidal,2021-11-16,398.23
112,Corrente Danforth Tidal,2023-09-29,435.58
112,Corrente Danforth Tidal,2024-04-03,430.01
112,Corrente Danforth Tidal,2024-06-10,406.44
112,Corrente Danforth Tidal,2025-05-28,383.09
112,Corrente Danforth Tidal,2025-08-19,398.64
112,Corrente Danforth Tidal,2025-11-24,404.31
113,脙鈥歯cora Delta Mako Ultra,2017-01-12,1388.39
113,脙鈥歯cora Delta Mako Ultra,2017-01-18,1364.68
113,脙鈥歯cora Delta Mako Ultra,2017-11-03,1335.29
113,脙鈥歯cora Delta Mako Ultra,2018-06-28,1141.1
113,脙鈥歯cora Delta Mako Ultra,2018-06-29,1140.01
113,脙鈥歯cora Delta Mako Ultra,2019-09-18,1072.83
113,脙鈥歯cora Delta Mako Ultra,2019-10-16,1053.75
113,脙鈥歯cora Delta Mako Ultra,2020-12-31,845.82
113,脙鈥歯cora Delta Mako Ultra,2021-02-05,815.72
113,脙鈥歯cora Delta Mako Ultra,2022-03-03,870.75
113,脙鈥歯cora Delta Mako Ultra,2022-07-05,815.5
113,脙鈥歯cora Delta Mako Ultra,2024-08-06,777.57
113,脙鈥歯cora Delta Mako Ultra,2025-04-17,750.6
114,Boia de Arqueamento Danforth Tidal Zen Swift,2016-11-22,238.81
114,Boia de Arqueamento Danforth Tidal Zen Swift,2020-08-13,148.58
114,Boia de Arqueamento Danforth Tidal Zen Swift,2022-01-13,144.69
114,Boia de Arqueamento Danforth Tidal Zen Swift,2023-02-16,152.46
115,Cabo de Nylon Delta Force Magnum Leviathan,2016-08-22,258.29
115,Cabo de Nylon Delta Force Magnum Leviathan,2018-01-05,256.33
115,Cabo de Nylon Delta Force Magnum Leviathan,2020-09-11,157.17
115,Cabo de Nylon Delta Force Magnum Leviathan,2023-01-24,160.69
115,Cabo de Nylon Delta Force Magnum Leviathan,2023-12-12,167.9
116,Cabo de Nylon Delta Velocity Oceanic Abyss,2016-05-31,716.52
116,Cabo de Nylon Delta Velocity Oceanic Abyss,2018-08-13,660.69
116,Cabo de Nylon Delta Velocity Oceanic Abyss,2020-03-30,499.25
116,Cabo de Nylon Delta Velocity Oceanic Abyss,2020-04-14,496.71
116,Cabo de Nylon Delta Velocity Oceanic Abyss,2022-03-16,502.24
117,Corrente Danforth Zen Abyss Axis,2016-04-19,1154.74
117,Corrente Danforth Zen Abyss Axis,2017-04-20,1304.74
117,Corrente Danforth Zen Abyss Axis,2021-02-18,756.57
117,Corrente Danforth Zen Abyss Axis,2022-06-10,823.4
117,Corrente Danforth Zen Abyss Axis,2025-09-08,756.01
118,Boia de Arqueamento Delta Force Vox,2017-07-10,1321.87
118,Boia de Arqueamento Delta Force Vox,2018-10-19,1163.95
118,Boia de Arqueamento Delta Force Vox,2021-08-24,814.0
118,Boia de Arqueamento Delta Force Vox,2021-11-23,764.41
118,Boia de Arqueamento Delta Force Vox,2022-07-12,797.41
118,Boia de Arqueamento Delta Force Vox,2023-11-06,880.76
118,Boia de Arqueamento Delta Force Vox,2023-12-27,893.4
118,Boia de Arqueamento Delta Force Vox,2024-09-20,787.87
119,脙鈥歯cora Bruce Aqua,2016-05-19,904.47
119,脙鈥歯cora Bruce Aqua,2017-06-28,985.9
119,脙鈥歯cora Bruce Aqua,2021-08-05,632.7
119,脙鈥歯cora Bruce Aqua,2022-12-08,625.1
119,脙鈥歯cora Bruce Aqua,2023-08-04,669.88
120,Boia de Arqueamento Danforth Flux Tidal,2017-05-03,992.44
120,Boia de Arqueamento Danforth Flux Tidal,2018-05-30,836.23
120,Boia de Arqueamento Danforth Flux Tidal,2018-07-12,810.34
120,Boia de Arqueamento Danforth Flux Tidal,2018-09-14,746.18
120,Boia de Arqueamento Danforth Flux Tidal,2020-09-11,591.22
120,Boia de Arqueamento Danforth Flux Tidal,2020-10-13,559.4
120,Boia de Arqueamento Danforth Flux Tidal,2020-11-27,584.15
120,Boia de Arqueamento Danforth Flux Tidal,2021-12-03,553.73
120,Boia de Arqueamento Danforth Flux Tidal,2022-02-14,599.71
120,Boia de Arqueamento Danforth Flux Tidal,2022-04-27,622.89
120,Boia de Arqueamento Danforth Flux Tidal,2022-08-12,612.44
120,Boia de Arqueamento Danforth Flux Tidal,2022-10-26,586.85
120,Boia de Arqueamento Danforth Flux Tidal,2023-09-04,635.45
121,脙鈥歯cora Danforth Oceanic Helix Flux,2016-03-29,1007.13
121,脙鈥歯cora Danforth Oceanic Helix Flux,2018-02-22,1133.49
121,脙鈥歯cora Danforth Oceanic Helix Flux,2019-09-03,886.96
121,脙鈥歯cora Danforth Oceanic Helix Flux,2020-04-17,702.77
121,脙鈥歯cora Danforth Oceanic Helix Flux,2020-04-29,680.53
121,脙鈥歯cora Danforth Oceanic Helix Flux,2020-11-18,698.01
121,脙鈥歯cora Danforth Oceanic Helix Flux,2021-08-31,718.35
121,脙鈥歯cora Danforth Oceanic Helix Flux,2023-05-24,746.8
121,脙鈥歯cora Danforth Oceanic Helix Flux,2023-12-18,747.93
121,脙鈥歯cora Danforth Oceanic Helix Flux,2024-10-01,677.66
121,脙鈥歯cora Danforth Oceanic Helix Flux,2025-02-12,640.2
122,Corrente Danforth Zenith Oceanic Torque,2016-04-06,359.92
122,Corrente Danforth Zenith Oceanic Torque,2017-02-24,426.78
122,Corrente Danforth Zenith Oceanic Torque,2018-04-26,378.16
122,Corrente Danforth Zenith Oceanic Torque,2018-09-26,326.02
122,Corrente Danforth Zenith Oceanic Torque,2019-11-29,313.13
122,Corrente Danforth Zenith Oceanic Torque,2020-01-06,326.15
122,Corrente Danforth Zenith Oceanic Torque,2020-09-24,237.39
122,Corrente Danforth Zenith Oceanic Torque,2020-12-31,254.51
122,Corrente Danforth Zenith Oceanic Torque,2021-03-02,232.67
122,Corrente Danforth Zenith Oceanic Torque,2022-09-13,255.36
122,Corrente Danforth Zenith Oceanic Torque,2022-09-14,255.46
122,Corrente Danforth Zenith Oceanic Torque,2023-06-02,266.89
122,Corrente Danforth Zenith Oceanic Torque,2023-07-11,270.21
122,Corrente Danforth Zenith Oceanic Torque,2023-09-14,271.3
122,Corrente Danforth Zenith Oceanic Torque,2024-12-12,222.63
123,Cabo de Nylon Danforth Orca Aero,2017-10-25,857.62
123,Cabo de Nylon Danforth Orca Aero,2018-10-05,717.72
123,Cabo de Nylon Danforth Orca Aero,2022-09-02,535.37
123,Cabo de Nylon Danforth Orca Aero,2024-12-16,458.99
123,Cabo de Nylon Danforth Orca Aero,2025-04-30,490.63
124,Corrente Delta Axis,2018-04-17,1107.66
124,Corrente Delta Axis,2019-06-14,971.46
124,Corrente Delta Axis,2020-03-24,743.47
124,Corrente Delta Axis,2022-12-20,719.16
124,Corrente Delta Axis,2023-02-27,725.63
124,Corrente Delta Axis,2024-07-02,665.23
124,Corrente Delta Axis,2025-04-08,635.07
125,Cabo de Nylon Danforth Kinetic,2020-06-26,622.83
125,Cabo de Nylon Danforth Kinetic,2020-11-17,630.46
125,Cabo de Nylon Danforth Kinetic,2023-03-22,646.27
126,Corrente Danforth Hydro,2018-02-05,827.56
126,Corrente Danforth Hydro,2018-08-28,649.99
126,Corrente Danforth Hydro,2019-05-31,679.44
126,Corrente Danforth Hydro,2019-11-06,663.54
126,Corrente Danforth Hydro,2020-01-22,639.18
126,Corrente Danforth Hydro,2020-06-09,545.77
126,Corrente Danforth Hydro,2020-10-28,467.05
127,Cabo de Nylon Delta Velocity Core Mako,2016-06-15,445.7
127,Cabo de Nylon Delta Velocity Core Mako,2016-08-29,475.16
127,Cabo de Nylon Delta Velocity Core Mako,2018-11-09,413.16
127,Cabo de Nylon Delta Velocity Core Mako,2019-01-04,411.83
127,Cabo de Nylon Delta Velocity Core Mako,2019-12-16,379.79
127,Cabo de Nylon Delta Velocity Core Mako,2020-10-14,278.31
127,Cabo de Nylon Delta Velocity Core Mako,2021-04-23,282.83
127,Cabo de Nylon Delta Velocity Core Mako,2022-07-07,288.87
127,Cabo de Nylon Delta Velocity Core Mako,2023-01-06,293.17
127,Cabo de Nylon Delta Velocity Core Mako,2023-03-27,296.24
127,Cabo de Nylon Delta Velocity Core Mako,2025-08-04,281.15
128,Boia de Arqueamento Bruce Marlin Hydra,2018-10-04,1191.24
128,Boia de Arqueamento Bruce Marlin Hydra,2019-07-03,1208.95
128,Boia de Arqueamento Bruce Marlin Hydra,2020-07-20,867.2
128,Boia de Arqueamento Bruce Marlin Hydra,2020-09-22,856.12
128,Boia de Arqueamento Bruce Marlin Hydra,2022-04-06,990.34
128,Boia de Arqueamento Bruce Marlin Hydra,2022-04-26,936.51
128,Boia de Arqueamento Bruce Marlin Hydra,2022-07-22,853.09
128,Boia de Arqueamento Bruce Marlin Hydra,2025-08-19,850.07
129,Corrente Delta Boost,2016-05-10,939.48
129,Corrente Delta Boost,2016-11-29,959.13
129,Corrente Delta Boost,2017-10-23,1020.79
129,Corrente Delta Boost,2017-12-14,980.08
129,Corrente Delta Boost,2018-07-30,879.22
129,Corrente Delta Boost,2018-08-16,841.72
129,Corrente Delta Boost,2020-04-01,623.33
129,Corrente Delta Boost,2020-06-05,656.27
129,Corrente Delta Boost,2022-06-14,637.97
129,Corrente Delta Boost,2022-07-14,598.62
129,Corrente Delta Boost,2024-01-17,661.98
129,Corrente Delta Boost,2025-05-20,576.93
129,Corrente Delta Boost,2025-10-15,599.77
130,Boia de Arqueamento Delta Zen Boost Vortex,2016-11-01,1293.13
130,Boia de Arqueamento Delta Zen Boost Vortex,2019-02-19,1114.0
130,Boia de Arqueamento Delta Zen Boost Vortex,2020-03-17,820.79
130,Boia de Arqueamento Delta Zen Boost Vortex,2021-03-01,742.32
130,Boia de Arqueamento Delta Zen Boost Vortex,2021-03-22,749.89
130,Boia de Arqueamento Delta Zen Boost Vortex,2023-06-15,859.48
130,Boia de Arqueamento Delta Zen Boost Vortex,2024-03-18,826.87
130,Boia de Arqueamento Delta Zen Boost Vortex,2024-06-26,752.23
131,Boia de Arqueamento Danforth Core Vortex,2019-07-19,257.63
131,Boia de Arqueamento Danforth Core Vortex,2021-03-11,172.43
131,Boia de Arqueamento Danforth Core Vortex,2022-08-19,185.47
131,Boia de Arqueamento Danforth Core Vortex,2023-06-07,196.2
131,Boia de Arqueamento Danforth Core Vortex,2024-06-14,179.69
131,Boia de Arqueamento Danforth Core Vortex,2024-08-13,175.62
132,Corrente Bruce Nautic Evo,2016-02-22,394.57
132,Corrente Bruce Nautic Evo,2018-02-27,482.74
132,Corrente Bruce Nautic Evo,2019-12-31,387.82
132,Corrente Bruce Nautic Evo,2020-03-12,320.12
132,Corrente Bruce Nautic Evo,2020-08-20,276.61
132,Corrente Bruce Nautic Evo,2024-02-15,314.46
132,Corrente Bruce Nautic Evo,2025-12-18,282.75
133,脙鈥歯cora Bruce Core Pulse,2016-03-28,519.96
133,脙鈥歯cora Bruce Core Pulse,2017-06-27,570.68
133,脙鈥歯cora Bruce Core Pulse,2017-12-21,572.87
133,脙鈥歯cora Bruce Core Pulse,2019-01-09,512.58
133,脙鈥歯cora Bruce Core Pulse,2020-01-20,452.55
133,脙鈥歯cora Bruce Core Pulse,2020-06-03,374.72
133,脙鈥歯cora Bruce Core Pulse,2022-07-06,348.47
133,脙鈥歯cora Bruce Core Pulse,2024-03-01,381.67
134,脙鈥歯cora Delta Storm Vox,2017-10-20,1482.27
134,脙鈥歯cora Delta Storm Vox,2019-12-31,1170.59
134,脙鈥歯cora Delta Storm Vox,2022-12-05,899.33
134,脙鈥歯cora Delta Storm Vox,2023-09-06,948.15
135,Cabo de Nylon Danforth Titan Poseidon,2016-09-30,506.69
135,Cabo de Nylon Danforth Titan Poseidon,2016-10-13,512.61
135,Cabo de Nylon Danforth Titan Poseidon,2016-10-25,527.31
135,Cabo de Nylon Danforth Titan Poseidon,2018-01-29,519.63
135,Cabo de Nylon Danforth Titan Poseidon,2018-07-05,419.67
135,Cabo de Nylon Danforth Titan Poseidon,2019-03-15,428.95
135,Cabo de Nylon Danforth Titan Poseidon,2019-04-03,427.92
135,Cabo de Nylon Danforth Titan Poseidon,2020-10-21,293.66
135,Cabo de Nylon Danforth Titan Poseidon,2022-06-30,313.99
135,Cabo de Nylon Danforth Titan Poseidon,2022-10-31,312.86
135,Cabo de Nylon Danforth Titan Poseidon,2023-01-24,318.15
135,Cabo de Nylon Danforth Titan Poseidon,2023-03-09,320.27
135,Cabo de Nylon Danforth Titan Poseidon,2023-04-11,328.1
135,Cabo de Nylon Danforth Titan Poseidon,2025-08-14,304.04
136,Cabo de Nylon Bruce Flux Hydro,2017-10-23,616.78
136,Cabo de Nylon Bruce Flux Hydro,2017-11-27,612.66
136,Cabo de Nylon Bruce Flux Hydro,2018-01-19,615.16
136,Cabo de Nylon Bruce Flux Hydro,2018-11-01,533.84
136,Cabo de Nylon Bruce Flux Hydro,2023-10-20,390.62
137,脙鈥歯cora Danforth Impulse,2016-12-08,995.67
137,脙鈥歯cora Danforth Impulse,2016-12-12,1004.86
137,脙鈥歯cora Danforth Impulse,2017-01-10,1060.88
137,脙鈥歯cora Danforth Impulse,2017-12-11,1030.93
137,脙鈥歯cora Danforth Impulse,2018-01-29,1069.73
137,脙鈥歯cora Danforth Impulse,2018-02-19,1046.8
137,脙鈥歯cora Danforth Impulse,2018-08-07,912.23
137,脙鈥歯cora Danforth Impulse,2018-12-28,873.85
137,脙鈥歯cora Danforth Impulse,2019-01-15,913.93
137,脙鈥歯cora Danforth Impulse,2019-03-08,875.43
137,脙鈥歯cora Danforth Impulse,2020-06-26,619.79
137,脙鈥歯cora Danforth Impulse,2024-04-04,673.98
137,脙鈥歯cora Danforth Impulse,2025-10-03,632.89
138,Boia de Arqueamento Delta Peak Boost Thrust,2019-12-30,1037.95
138,Boia de Arqueamento Delta Peak Boost Thrust,2020-03-11,895.11
138,Boia de Arqueamento Delta Peak Boost Thrust,2020-09-17,795.45
138,Boia de Arqueamento Delta Peak Boost Thrust,2022-02-08,793.85
138,Boia de Arqueamento Delta Peak Boost Thrust,2022-02-22,826.61
138,Boia de Arqueamento Delta Peak Boost Thrust,2023-05-25,836.88
138,Boia de Arqueamento Delta Peak Boost Thrust,2025-05-22,741.89
139,Boia de Arqueamento Danforth Torque,2016-10-11,443.47
139,Boia de Arqueamento Danforth Torque,2018-12-31,367.79
139,Boia de Arqueamento Danforth Torque,2020-10-30,246.89
140,Boia de Arqueamento Bruce Dash Titan Pulse,2017-05-11,993.43
140,Boia de Arqueamento Bruce Dash Titan Pulse,2018-10-26,853.04
140,Boia de Arqueamento Bruce Dash Titan Pulse,2020-08-20,554.75
140,Boia de Arqueamento Bruce Dash Titan Pulse,2021-02-03,586.81
140,Boia de Arqueamento Bruce Dash Titan Pulse,2024-04-26,612.49
140,Boia de Arqueamento Bruce Dash Titan Pulse,2025-06-25,565.59
141,Boia de Arqueamento Bruce Nexus Abyss,2016-03-11,1318.57
141,Boia de Arqueamento Bruce Nexus Abyss,2016-03-17,1312.28
141,Boia de Arqueamento Bruce Nexus Abyss,2016-11-11,1391.23
141,Boia de Arqueamento Bruce Nexus Abyss,2017-02-06,1533.96
141,Boia de Arqueamento Bruce Nexus Abyss,2017-10-30,1469.47
141,Boia de Arqueamento Bruce Nexus Abyss,2018-12-13,1232.93
141,Boia de Arqueamento Bruce Nexus Abyss,2019-04-18,1214.76
141,Boia de Arqueamento Bruce Nexus Abyss,2022-03-17,942.08
141,Boia de Arqueamento Bruce Nexus Abyss,2023-08-08,971.69
141,Boia de Arqueamento Bruce Nexus Abyss,2023-09-05,962.15
141,Boia de Arqueamento Bruce Nexus Abyss,2023-10-26,955.42
141,Boia de Arqueamento Bruce Nexus Abyss,2023-11-08,978.89
141,Boia de Arqueamento Bruce Nexus Abyss,2023-12-08,972.86
141,Boia de Arqueamento Bruce Nexus Abyss,2025-02-27,821.3
141,Boia de Arqueamento Bruce Nexus Abyss,2025-03-05,825.76
142,脙鈥歯cora Danforth Vector Evo,2017-07-04,250.09
142,脙鈥歯cora Danforth Vector Evo,2017-08-17,261.55
142,脙鈥歯cora Danforth Vector Evo,2018-06-15,219.02
142,脙鈥歯cora Danforth Vector Evo,2019-03-27,209.84
142,脙鈥歯cora Danforth Vector Evo,2019-03-29,212.11
142,脙鈥歯cora Danforth Vector Evo,2019-11-13,197.89
142,脙鈥歯cora Danforth Vector Evo,2020-03-05,178.87
142,脙鈥歯cora Danforth Vector Evo,2022-11-09,160.09
142,脙鈥歯cora Danforth Vector Evo,2023-08-30,169.88
142,脙鈥歯cora Danforth Vector Evo,2024-09-16,149.71
142,脙鈥歯cora Danforth Vector Evo,2025-07-11,148.33
142,脙鈥歯cora Danforth Vector Evo,2025-09-24,155.62
143,脙鈥歯cora Delta Hydra Kraken Velocity,2016-06-01,1228.25
143,脙鈥歯cora Delta Hydra Kraken Velocity,2017-05-08,1389.34
143,脙鈥歯cora Delta Hydra Kraken Velocity,2018-04-19,1305.95
143,脙鈥歯cora Delta Hydra Kraken Velocity,2018-08-10,1153.34
143,脙鈥歯cora Delta Hydra Kraken Velocity,2019-05-30,1117.09
143,脙鈥歯cora Delta Hydra Kraken Velocity,2020-01-24,1062.29
143,脙鈥歯cora Delta Hydra Kraken Velocity,2020-08-05,840.97
143,脙鈥歯cora Delta Hydra Kraken Velocity,2021-04-23,809.85
143,脙鈥歯cora Delta Hydra Kraken Velocity,2021-08-25,845.69
143,脙鈥歯cora Delta Hydra Kraken Velocity,2023-05-24,896.83
143,脙鈥歯cora Delta Hydra Kraken Velocity,2024-11-04,766.33
143,脙鈥歯cora Delta Hydra Kraken Velocity,2025-01-30,751.94
143,脙鈥歯cora Delta Hydra Kraken Velocity,2025-06-09,795.72
143,脙鈥歯cora Delta Hydra Kraken Velocity,2025-08-04,805.06
143,脙鈥歯cora Delta Hydra Kraken Velocity,2025-09-23,836.16
144,Boia de Arqueamento Bruce Barracuda,2016-05-13,631.98
144,Boia de Arqueamento Bruce Barracuda,2017-03-15,700.17
144,Boia de Arqueamento Bruce Barracuda,2018-04-17,650.55
144,Boia de Arqueamento Bruce Barracuda,2018-11-16,590.14
144,Boia de Arqueamento Bruce Barracuda,2019-09-06,544.76
144,Boia de Arqueamento Bruce Barracuda,2022-08-04,422.52
144,Boia de Arqueamento Bruce Barracuda,2024-03-11,444.87
144,Boia de Arqueamento Bruce Barracuda,2024-09-17,402.54
145,Boia de Arqueamento Delta Nexus,2016-07-08,1319.66
145,Boia de Arqueamento Delta Nexus,2020-02-19,994.89
145,Boia de Arqueamento Delta Nexus,2020-11-30,815.94
145,Boia de Arqueamento Delta Nexus,2022-06-22,844.58
145,Boia de Arqueamento Delta Nexus,2022-10-13,820.56
145,Boia de Arqueamento Delta Nexus,2024-02-09,875.03
145,Boia de Arqueamento Delta Nexus,2024-12-04,718.09
146,Corrente Delta Vox Ion,2016-05-03,139.54
146,Corrente Delta Vox Ion,2016-11-24,145.96
146,Corrente Delta Vox Ion,2018-01-02,151.72
146,Corrente Delta Vox Ion,2018-02-19,153.36
146,Corrente Delta Vox Ion,2021-08-19,91.55
146,Corrente Delta Vox Ion,2022-01-27,92.18
146,Corrente Delta Vox Ion,2022-05-04,99.02
146,Corrente Delta Vox Ion,2024-07-29,87.83
146,Corrente Delta Vox Ion,2024-12-05,82.88
147,Corrente Danforth Force Leviathan Impulse,2016-05-13,864.87
147,Corrente Danforth Force Leviathan Impulse,2017-05-03,962.45
147,Corrente Danforth Force Leviathan Impulse,2020-10-29,524.26
147,Corrente Danforth Force Leviathan Impulse,2021-11-24,540.88
147,Corrente Danforth Force Leviathan Impulse,2022-03-21,610.17
147,Corrente Danforth Force Leviathan Impulse,2022-08-25,592.19
148,脙鈥歯cora Delta Force Barracuda Mako,2017-06-06,1458.52
148,脙鈥歯cora Delta Force Barracuda Mako,2018-01-15,1497.5
148,脙鈥歯cora Delta Force Barracuda Mako,2018-02-19,1479.72
148,脙鈥歯cora Delta Force Barracuda Mako,2018-03-08,1471.94
148,脙鈥歯cora Delta Force Barracuda Mako,2019-01-21,1269.41
148,脙鈥歯cora Delta Force Barracuda Mako,2019-03-21,1260.65
148,脙鈥歯cora Delta Force Barracuda Mako,2020-09-02,890.59
148,脙鈥歯cora Delta Force Barracuda Mako,2021-12-07,848.43
148,脙鈥歯cora Delta Force Barracuda Mako,2022-03-25,1001.67
148,脙鈥歯cora Delta Force Barracuda Mako,2022-11-10,901.95
148,脙鈥歯cora Delta Force Barracuda Mako,2023-02-28,919.03
148,脙鈥歯cora Delta Force Barracuda Mako,2023-09-28,948.22
148,脙鈥歯cora Delta Force Barracuda Mako,2023-11-17,979.78
148,脙鈥歯cora Delta Force Barracuda Mako,2024-06-18,885.1
148,脙鈥歯cora Delta Force Barracuda Mako,2025-07-21,860.42
149,Cabo de Nylon Bruce Core,2016-02-19,287.41
149,Cabo de Nylon Bruce Core,2016-03-17,319.33
149,Cabo de Nylon Bruce Core,2017-08-25,369.92
149,Cabo de Nylon Bruce Core,2018-12-28,300.35
149,Cabo de Nylon Bruce Core,2019-01-04,309.3
149,Cabo de Nylon Bruce Core,2019-10-01,278.82
149,Cabo de Nylon Bruce Core,2020-06-29,213.86
149,Cabo de Nylon Bruce Core,2021-07-20,221.82
149,Cabo de Nylon Bruce Core,2022-07-11,217.62
149,Cabo de Nylon Bruce Core,2023-02-14,225.94
150,Cabo de Nylon Danforth Magnum Vox,2018-11-28,426.06
150,Cabo de Nylon Danforth Magnum Vox,2018-12-28,424.77
150,Cabo de Nylon Danforth Magnum Vox,2019-02-19,442.38
150,Cabo de Nylon Danforth Magnum Vox,2020-09-17,312.94
150,Cabo de Nylon Danforth Magnum Vox,2022-08-09,321.31
150,Cabo de Nylon Danforth Magnum Vox,2023-06-01,326.88
150,Cabo de Nylon Danforth Magnum Vox,2024-01-31,332.26
150,Cabo de Nylon Danforth Magnum Vox,2024-08-29,292.03
150,Cabo de Nylon Danforth Magnum Vox,2024-10-04,300.96
150,Cabo de Nylon Danforth Magnum Vox,2024-10-25,288.9
